image_path,finger_id
rawdata/data/butieping/dhy_R1/Rgd1245/dhy_R1_pair0.bmp,dhy_R1
rawdata/data/butieping/dhy_R1/Rgd1245/dhy_R1_pair1.bmp,dhy_R1
rawdata/data/butieping/dhy_R1/Rgd1245/dhy_R1_pair10.bmp,dhy_R1
rawdata/data/butieping/dhy_R1/Rgd1245/dhy_R1_pair100.bmp,dhy_R1
rawdata/data/butieping/dhy_R1/Rgd1245/dhy_R1_pair11.bmp,dhy_R1
rawdata/data/butieping/dhy_R1/Rgd1245/dhy_R1_pair12.bmp,dhy_R1
rawdata/data/butieping/dhy_R1/Rgd1245/dhy_R1_pair13.bmp,dhy_R1
rawdata/data/butieping/dhy_R1/Rgd1245/dhy_R1_pair14.bmp,dhy_R1
rawdata/data/butieping/dhy_R1/Rgd1245/dhy_R1_pair15.bmp,dhy_R1
rawdata/data/butieping/dhy_R1/Rgd1245/dhy_R1_pair16.bmp,dhy_R1
rawdata/data/butieping/dhy_R1/Rgd1245/dhy_R1_pair17.bmp,dhy_R1
rawdata/data/butieping/dhy_R1/Rgd1245/dhy_R1_pair18.bmp,dhy_R1
rawdata/data/butieping/dhy_R1/Rgd1245/dhy_R1_pair19.bmp,dhy_R1
rawdata/data/butieping/dhy_R1/Rgd1245/dhy_R1_pair2.bmp,dhy_R1
rawdata/data/butieping/dhy_R1/Rgd1245/dhy_R1_pair20.bmp,dhy_R1
rawdata/data/butieping/dhy_R1/Rgd1245/dhy_R1_pair21.bmp,dhy_R1
rawdata/data/butieping/dhy_R1/Rgd1245/dhy_R1_pair22.bmp,dhy_R1
rawdata/data/butieping/dhy_R1/Rgd1245/dhy_R1_pair23.bmp,dhy_R1
rawdata/data/butieping/dhy_R1/Rgd1245/dhy_R1_pair24.bmp,dhy_R1
rawdata/data/butieping/dhy_R1/Rgd1245/dhy_R1_pair25.bmp,dhy_R1
rawdata/data/butieping/dhy_R1/Rgd1245/dhy_R1_pair26.bmp,dhy_R1
rawdata/data/butieping/dhy_R1/Rgd1245/dhy_R1_pair27.bmp,dhy_R1
rawdata/data/butieping/dhy_R1/Rgd1245/dhy_R1_pair28.bmp,dhy_R1
rawdata/data/butieping/dhy_R1/Rgd1245/dhy_R1_pair29.bmp,dhy_R1
rawdata/data/butieping/dhy_R1/Rgd1245/dhy_R1_pair3.bmp,dhy_R1
rawdata/data/butieping/dhy_R1/Rgd1245/dhy_R1_pair30.bmp,dhy_R1
rawdata/data/butieping/dhy_R1/Rgd1245/dhy_R1_pair31.bmp,dhy_R1
rawdata/data/butieping/dhy_R1/Rgd1245/dhy_R1_pair32.bmp,dhy_R1
rawdata/data/butieping/dhy_R1/Rgd1245/dhy_R1_pair33.bmp,dhy_R1
rawdata/data/butieping/dhy_R1/Rgd1245/dhy_R1_pair34.bmp,dhy_R1
rawdata/data/butieping/dhy_R1/Rgd1245/dhy_R1_pair35.bmp,dhy_R1
rawdata/data/butieping/dhy_R1/Rgd1245/dhy_R1_pair36.bmp,dhy_R1
rawdata/data/butieping/dhy_R1/Rgd1245/dhy_R1_pair37.bmp,dhy_R1
rawdata/data/butieping/dhy_R1/Rgd1245/dhy_R1_pair38.bmp,dhy_R1
rawdata/data/butieping/dhy_R1/Rgd1245/dhy_R1_pair39.bmp,dhy_R1
rawdata/data/butieping/dhy_R1/Rgd1245/dhy_R1_pair4.bmp,dhy_R1
rawdata/data/butieping/dhy_R1/Rgd1245/dhy_R1_pair40.bmp,dhy_R1
rawdata/data/butieping/dhy_R1/Rgd1245/dhy_R1_pair41.bmp,dhy_R1
rawdata/data/butieping/dhy_R1/Rgd1245/dhy_R1_pair42.bmp,dhy_R1
rawdata/data/butieping/dhy_R1/Rgd1245/dhy_R1_pair43.bmp,dhy_R1
rawdata/data/butieping/dhy_R1/Rgd1245/dhy_R1_pair44.bmp,dhy_R1
rawdata/data/butieping/dhy_R1/Rgd1245/dhy_R1_pair45.bmp,dhy_R1
rawdata/data/butieping/dhy_R1/Rgd1245/dhy_R1_pair46.bmp,dhy_R1
rawdata/data/butieping/dhy_R1/Rgd1245/dhy_R1_pair47.bmp,dhy_R1
rawdata/data/butieping/dhy_R1/Rgd1245/dhy_R1_pair48.bmp,dhy_R1
rawdata/data/butieping/dhy_R1/Rgd1245/dhy_R1_pair49.bmp,dhy_R1
rawdata/data/butieping/dhy_R1/Rgd1245/dhy_R1_pair5.bmp,dhy_R1
rawdata/data/butieping/dhy_R1/Rgd1245/dhy_R1_pair50.bmp,dhy_R1
rawdata/data/butieping/dhy_R1/Rgd1245/dhy_R1_pair51.bmp,dhy_R1
rawdata/data/butieping/dhy_R1/Rgd1245/dhy_R1_pair52.bmp,dhy_R1
rawdata/data/butieping/dhy_R1/Rgd1245/dhy_R1_pair53.bmp,dhy_R1
rawdata/data/butieping/dhy_R1/Rgd1245/dhy_R1_pair54.bmp,dhy_R1
rawdata/data/butieping/dhy_R1/Rgd1245/dhy_R1_pair55.bmp,dhy_R1
rawdata/data/butieping/dhy_R1/Rgd1245/dhy_R1_pair56.bmp,dhy_R1
rawdata/data/butieping/dhy_R1/Rgd1245/dhy_R1_pair57.bmp,dhy_R1
rawdata/data/butieping/dhy_R1/Rgd1245/dhy_R1_pair58.bmp,dhy_R1
rawdata/data/butieping/dhy_R1/Rgd1245/dhy_R1_pair59.bmp,dhy_R1
rawdata/data/butieping/dhy_R1/Rgd1245/dhy_R1_pair6.bmp,dhy_R1
rawdata/data/butieping/dhy_R1/Rgd1245/dhy_R1_pair60.bmp,dhy_R1
rawdata/data/butieping/dhy_R1/Rgd1245/dhy_R1_pair61.bmp,dhy_R1
rawdata/data/butieping/dhy_R1/Rgd1245/dhy_R1_pair62.bmp,dhy_R1
rawdata/data/butieping/dhy_R1/Rgd1245/dhy_R1_pair63.bmp,dhy_R1
rawdata/data/butieping/dhy_R1/Rgd1245/dhy_R1_pair64.bmp,dhy_R1
rawdata/data/butieping/dhy_R1/Rgd1245/dhy_R1_pair65.bmp,dhy_R1
rawdata/data/butieping/dhy_R1/Rgd1245/dhy_R1_pair66.bmp,dhy_R1
rawdata/data/butieping/dhy_R1/Rgd1245/dhy_R1_pair67.bmp,dhy_R1
rawdata/data/butieping/dhy_R1/Rgd1245/dhy_R1_pair68.bmp,dhy_R1
rawdata/data/butieping/dhy_R1/Rgd1245/dhy_R1_pair69.bmp,dhy_R1
rawdata/data/butieping/dhy_R1/Rgd1245/dhy_R1_pair7.bmp,dhy_R1
rawdata/data/butieping/dhy_R1/Rgd1245/dhy_R1_pair70.bmp,dhy_R1
rawdata/data/butieping/dhy_R1/Rgd1245/dhy_R1_pair71.bmp,dhy_R1
rawdata/data/butieping/dhy_R1/Rgd1245/dhy_R1_pair72.bmp,dhy_R1
rawdata/data/butieping/dhy_R1/Rgd1245/dhy_R1_pair73.bmp,dhy_R1
rawdata/data/butieping/dhy_R1/Rgd1245/dhy_R1_pair74.bmp,dhy_R1
rawdata/data/butieping/dhy_R1/Rgd1245/dhy_R1_pair75.bmp,dhy_R1
rawdata/data/butieping/dhy_R1/Rgd1245/dhy_R1_pair76.bmp,dhy_R1
rawdata/data/butieping/dhy_R1/Rgd1245/dhy_R1_pair77.bmp,dhy_R1
rawdata/data/butieping/dhy_R1/Rgd1245/dhy_R1_pair78.bmp,dhy_R1
rawdata/data/butieping/dhy_R1/Rgd1245/dhy_R1_pair79.bmp,dhy_R1
rawdata/data/butieping/dhy_R1/Rgd1245/dhy_R1_pair8.bmp,dhy_R1
rawdata/data/butieping/dhy_R1/Rgd1245/dhy_R1_pair80.bmp,dhy_R1
rawdata/data/butieping/dhy_R1/Rgd1245/dhy_R1_pair81.bmp,dhy_R1
rawdata/data/butieping/dhy_R1/Rgd1245/dhy_R1_pair82.bmp,dhy_R1
rawdata/data/butieping/dhy_R1/Rgd1245/dhy_R1_pair83.bmp,dhy_R1
rawdata/data/butieping/dhy_R1/Rgd1245/dhy_R1_pair84.bmp,dhy_R1
rawdata/data/butieping/dhy_R1/Rgd1245/dhy_R1_pair85.bmp,dhy_R1
rawdata/data/butieping/dhy_R1/Rgd1245/dhy_R1_pair86.bmp,dhy_R1
rawdata/data/butieping/dhy_R1/Rgd1245/dhy_R1_pair87.bmp,dhy_R1
rawdata/data/butieping/dhy_R1/Rgd1245/dhy_R1_pair88.bmp,dhy_R1
rawdata/data/butieping/dhy_R1/Rgd1245/dhy_R1_pair89.bmp,dhy_R1
rawdata/data/butieping/dhy_R1/Rgd1245/dhy_R1_pair9.bmp,dhy_R1
rawdata/data/butieping/dhy_R1/Rgd1245/dhy_R1_pair90.bmp,dhy_R1
rawdata/data/butieping/dhy_R1/Rgd1245/dhy_R1_pair91.bmp,dhy_R1
rawdata/data/butieping/dhy_R1/Rgd1245/dhy_R1_pair92.bmp,dhy_R1
rawdata/data/butieping/dhy_R1/Rgd1245/dhy_R1_pair93.bmp,dhy_R1
rawdata/data/butieping/dhy_R1/Rgd1245/dhy_R1_pair94.bmp,dhy_R1
rawdata/data/butieping/dhy_R1/Rgd1245/dhy_R1_pair95.bmp,dhy_R1
rawdata/data/butieping/dhy_R1/Rgd1245/dhy_R1_pair96.bmp,dhy_R1
rawdata/data/butieping/dhy_R1/Rgd1245/dhy_R1_pair97.bmp,dhy_R1
rawdata/data/butieping/dhy_R1/Rgd1245/dhy_R1_pair98.bmp,dhy_R1
rawdata/data/butieping/dhy_R1/Rgd1245/dhy_R1_pair99.bmp,dhy_R1
rawdata/data/butieping/dhy_R2/Rgd1245/dhy_R2_pair0.bmp,dhy_R2
rawdata/data/butieping/dhy_R2/Rgd1245/dhy_R2_pair1.bmp,dhy_R2
rawdata/data/butieping/dhy_R2/Rgd1245/dhy_R2_pair10.bmp,dhy_R2
rawdata/data/butieping/dhy_R2/Rgd1245/dhy_R2_pair11.bmp,dhy_R2
rawdata/data/butieping/dhy_R2/Rgd1245/dhy_R2_pair12.bmp,dhy_R2
rawdata/data/butieping/dhy_R2/Rgd1245/dhy_R2_pair13.bmp,dhy_R2
rawdata/data/butieping/dhy_R2/Rgd1245/dhy_R2_pair14.bmp,dhy_R2
rawdata/data/butieping/dhy_R2/Rgd1245/dhy_R2_pair15.bmp,dhy_R2
rawdata/data/butieping/dhy_R2/Rgd1245/dhy_R2_pair16.bmp,dhy_R2
rawdata/data/butieping/dhy_R2/Rgd1245/dhy_R2_pair17.bmp,dhy_R2
rawdata/data/butieping/dhy_R2/Rgd1245/dhy_R2_pair18.bmp,dhy_R2
rawdata/data/butieping/dhy_R2/Rgd1245/dhy_R2_pair19.bmp,dhy_R2
rawdata/data/butieping/dhy_R2/Rgd1245/dhy_R2_pair2.bmp,dhy_R2
rawdata/data/butieping/dhy_R2/Rgd1245/dhy_R2_pair20.bmp,dhy_R2
rawdata/data/butieping/dhy_R2/Rgd1245/dhy_R2_pair21.bmp,dhy_R2
rawdata/data/butieping/dhy_R2/Rgd1245/dhy_R2_pair22.bmp,dhy_R2
rawdata/data/butieping/dhy_R2/Rgd1245/dhy_R2_pair23.bmp,dhy_R2
rawdata/data/butieping/dhy_R2/Rgd1245/dhy_R2_pair24.bmp,dhy_R2
rawdata/data/butieping/dhy_R2/Rgd1245/dhy_R2_pair25.bmp,dhy_R2
rawdata/data/butieping/dhy_R2/Rgd1245/dhy_R2_pair26.bmp,dhy_R2
rawdata/data/butieping/dhy_R2/Rgd1245/dhy_R2_pair27.bmp,dhy_R2
rawdata/data/butieping/dhy_R2/Rgd1245/dhy_R2_pair28.bmp,dhy_R2
rawdata/data/butieping/dhy_R2/Rgd1245/dhy_R2_pair29.bmp,dhy_R2
rawdata/data/butieping/dhy_R2/Rgd1245/dhy_R2_pair3.bmp,dhy_R2
rawdata/data/butieping/dhy_R2/Rgd1245/dhy_R2_pair30.bmp,dhy_R2
rawdata/data/butieping/dhy_R2/Rgd1245/dhy_R2_pair31.bmp,dhy_R2
rawdata/data/butieping/dhy_R2/Rgd1245/dhy_R2_pair32.bmp,dhy_R2
rawdata/data/butieping/dhy_R2/Rgd1245/dhy_R2_pair33.bmp,dhy_R2
rawdata/data/butieping/dhy_R2/Rgd1245/dhy_R2_pair34.bmp,dhy_R2
rawdata/data/butieping/dhy_R2/Rgd1245/dhy_R2_pair35.bmp,dhy_R2
rawdata/data/butieping/dhy_R2/Rgd1245/dhy_R2_pair36.bmp,dhy_R2
rawdata/data/butieping/dhy_R2/Rgd1245/dhy_R2_pair37.bmp,dhy_R2
rawdata/data/butieping/dhy_R2/Rgd1245/dhy_R2_pair38.bmp,dhy_R2
rawdata/data/butieping/dhy_R2/Rgd1245/dhy_R2_pair39.bmp,dhy_R2
rawdata/data/butieping/dhy_R2/Rgd1245/dhy_R2_pair4.bmp,dhy_R2
rawdata/data/butieping/dhy_R2/Rgd1245/dhy_R2_pair40.bmp,dhy_R2
rawdata/data/butieping/dhy_R2/Rgd1245/dhy_R2_pair41.bmp,dhy_R2
rawdata/data/butieping/dhy_R2/Rgd1245/dhy_R2_pair42.bmp,dhy_R2
rawdata/data/butieping/dhy_R2/Rgd1245/dhy_R2_pair43.bmp,dhy_R2
rawdata/data/butieping/dhy_R2/Rgd1245/dhy_R2_pair44.bmp,dhy_R2
rawdata/data/butieping/dhy_R2/Rgd1245/dhy_R2_pair45.bmp,dhy_R2
rawdata/data/butieping/dhy_R2/Rgd1245/dhy_R2_pair46.bmp,dhy_R2
rawdata/data/butieping/dhy_R2/Rgd1245/dhy_R2_pair47.bmp,dhy_R2
rawdata/data/butieping/dhy_R2/Rgd1245/dhy_R2_pair48.bmp,dhy_R2
rawdata/data/butieping/dhy_R2/Rgd1245/dhy_R2_pair49.bmp,dhy_R2
rawdata/data/butieping/dhy_R2/Rgd1245/dhy_R2_pair5.bmp,dhy_R2
rawdata/data/butieping/dhy_R2/Rgd1245/dhy_R2_pair50.bmp,dhy_R2
rawdata/data/butieping/dhy_R2/Rgd1245/dhy_R2_pair51.bmp,dhy_R2
rawdata/data/butieping/dhy_R2/Rgd1245/dhy_R2_pair52.bmp,dhy_R2
rawdata/data/butieping/dhy_R2/Rgd1245/dhy_R2_pair53.bmp,dhy_R2
rawdata/data/butieping/dhy_R2/Rgd1245/dhy_R2_pair54.bmp,dhy_R2
rawdata/data/butieping/dhy_R2/Rgd1245/dhy_R2_pair55.bmp,dhy_R2
rawdata/data/butieping/dhy_R2/Rgd1245/dhy_R2_pair56.bmp,dhy_R2
rawdata/data/butieping/dhy_R2/Rgd1245/dhy_R2_pair57.bmp,dhy_R2
rawdata/data/butieping/dhy_R2/Rgd1245/dhy_R2_pair58.bmp,dhy_R2
rawdata/data/butieping/dhy_R2/Rgd1245/dhy_R2_pair59.bmp,dhy_R2
rawdata/data/butieping/dhy_R2/Rgd1245/dhy_R2_pair6.bmp,dhy_R2
rawdata/data/butieping/dhy_R2/Rgd1245/dhy_R2_pair60.bmp,dhy_R2
rawdata/data/butieping/dhy_R2/Rgd1245/dhy_R2_pair61.bmp,dhy_R2
rawdata/data/butieping/dhy_R2/Rgd1245/dhy_R2_pair62.bmp,dhy_R2
rawdata/data/butieping/dhy_R2/Rgd1245/dhy_R2_pair63.bmp,dhy_R2
rawdata/data/butieping/dhy_R2/Rgd1245/dhy_R2_pair64.bmp,dhy_R2
rawdata/data/butieping/dhy_R2/Rgd1245/dhy_R2_pair65.bmp,dhy_R2
rawdata/data/butieping/dhy_R2/Rgd1245/dhy_R2_pair66.bmp,dhy_R2
rawdata/data/butieping/dhy_R2/Rgd1245/dhy_R2_pair67.bmp,dhy_R2
rawdata/data/butieping/dhy_R2/Rgd1245/dhy_R2_pair68.bmp,dhy_R2
rawdata/data/butieping/dhy_R2/Rgd1245/dhy_R2_pair69.bmp,dhy_R2
rawdata/data/butieping/dhy_R2/Rgd1245/dhy_R2_pair7.bmp,dhy_R2
rawdata/data/butieping/dhy_R2/Rgd1245/dhy_R2_pair70.bmp,dhy_R2
rawdata/data/butieping/dhy_R2/Rgd1245/dhy_R2_pair71.bmp,dhy_R2
rawdata/data/butieping/dhy_R2/Rgd1245/dhy_R2_pair72.bmp,dhy_R2
rawdata/data/butieping/dhy_R2/Rgd1245/dhy_R2_pair73.bmp,dhy_R2
rawdata/data/butieping/dhy_R2/Rgd1245/dhy_R2_pair74.bmp,dhy_R2
rawdata/data/butieping/dhy_R2/Rgd1245/dhy_R2_pair75.bmp,dhy_R2
rawdata/data/butieping/dhy_R2/Rgd1245/dhy_R2_pair76.bmp,dhy_R2
rawdata/data/butieping/dhy_R2/Rgd1245/dhy_R2_pair77.bmp,dhy_R2
rawdata/data/butieping/dhy_R2/Rgd1245/dhy_R2_pair78.bmp,dhy_R2
rawdata/data/butieping/dhy_R2/Rgd1245/dhy_R2_pair79.bmp,dhy_R2
rawdata/data/butieping/dhy_R2/Rgd1245/dhy_R2_pair8.bmp,dhy_R2
rawdata/data/butieping/dhy_R2/Rgd1245/dhy_R2_pair80.bmp,dhy_R2
rawdata/data/butieping/dhy_R2/Rgd1245/dhy_R2_pair81.bmp,dhy_R2
rawdata/data/butieping/dhy_R2/Rgd1245/dhy_R2_pair82.bmp,dhy_R2
rawdata/data/butieping/dhy_R2/Rgd1245/dhy_R2_pair83.bmp,dhy_R2
rawdata/data/butieping/dhy_R2/Rgd1245/dhy_R2_pair84.bmp,dhy_R2
rawdata/data/butieping/dhy_R2/Rgd1245/dhy_R2_pair85.bmp,dhy_R2
rawdata/data/butieping/dhy_R2/Rgd1245/dhy_R2_pair86.bmp,dhy_R2
rawdata/data/butieping/dhy_R2/Rgd1245/dhy_R2_pair87.bmp,dhy_R2
rawdata/data/butieping/dhy_R2/Rgd1245/dhy_R2_pair88.bmp,dhy_R2
rawdata/data/butieping/dhy_R2/Rgd1245/dhy_R2_pair89.bmp,dhy_R2
rawdata/data/butieping/dhy_R2/Rgd1245/dhy_R2_pair9.bmp,dhy_R2
rawdata/data/butieping/dhy_R2/Rgd1245/dhy_R2_pair90.bmp,dhy_R2
rawdata/data/butieping/dhy_R2/Rgd1245/dhy_R2_pair91.bmp,dhy_R2
rawdata/data/butieping/dhy_R2/Rgd1245/dhy_R2_pair92.bmp,dhy_R2
rawdata/data/butieping/dhy_R2/Rgd1245/dhy_R2_pair93.bmp,dhy_R2
rawdata/data/butieping/dhy_R2/Rgd1245/dhy_R2_pair94.bmp,dhy_R2
rawdata/data/butieping/dhy_R2/Rgd1245/dhy_R2_pair95.bmp,dhy_R2
rawdata/data/butieping/dhy_R2/Rgd1245/dhy_R2_pair96.bmp,dhy_R2
rawdata/data/butieping/dhy_R2/Rgd1245/dhy_R2_pair97.bmp,dhy_R2
rawdata/data/butieping/dhy_R2/Rgd1245/dhy_R2_pair98.bmp,dhy_R2
rawdata/data/butieping/dhy_R2/Rgd1245/dhy_R2_pair99.bmp,dhy_R2
rawdata/data/butieping/dy_R2/Rgd1245/dy_R2_pair0.bmp,dy_R2
rawdata/data/butieping/dy_R2/Rgd1245/dy_R2_pair1.bmp,dy_R2
rawdata/data/butieping/dy_R2/Rgd1245/dy_R2_pair10.bmp,dy_R2
rawdata/data/butieping/dy_R2/Rgd1245/dy_R2_pair11.bmp,dy_R2
rawdata/data/butieping/dy_R2/Rgd1245/dy_R2_pair12.bmp,dy_R2
rawdata/data/butieping/dy_R2/Rgd1245/dy_R2_pair13.bmp,dy_R2
rawdata/data/butieping/dy_R2/Rgd1245/dy_R2_pair14.bmp,dy_R2
rawdata/data/butieping/dy_R2/Rgd1245/dy_R2_pair15.bmp,dy_R2
rawdata/data/butieping/dy_R2/Rgd1245/dy_R2_pair16.bmp,dy_R2
rawdata/data/butieping/dy_R2/Rgd1245/dy_R2_pair17.bmp,dy_R2
rawdata/data/butieping/dy_R2/Rgd1245/dy_R2_pair18.bmp,dy_R2
rawdata/data/butieping/dy_R2/Rgd1245/dy_R2_pair19.bmp,dy_R2
rawdata/data/butieping/dy_R2/Rgd1245/dy_R2_pair2.bmp,dy_R2
rawdata/data/butieping/dy_R2/Rgd1245/dy_R2_pair20.bmp,dy_R2
rawdata/data/butieping/dy_R2/Rgd1245/dy_R2_pair21.bmp,dy_R2
rawdata/data/butieping/dy_R2/Rgd1245/dy_R2_pair22.bmp,dy_R2
rawdata/data/butieping/dy_R2/Rgd1245/dy_R2_pair23.bmp,dy_R2
rawdata/data/butieping/dy_R2/Rgd1245/dy_R2_pair24.bmp,dy_R2
rawdata/data/butieping/dy_R2/Rgd1245/dy_R2_pair25.bmp,dy_R2
rawdata/data/butieping/dy_R2/Rgd1245/dy_R2_pair26.bmp,dy_R2
rawdata/data/butieping/dy_R2/Rgd1245/dy_R2_pair27.bmp,dy_R2
rawdata/data/butieping/dy_R2/Rgd1245/dy_R2_pair28.bmp,dy_R2
rawdata/data/butieping/dy_R2/Rgd1245/dy_R2_pair29.bmp,dy_R2
rawdata/data/butieping/dy_R2/Rgd1245/dy_R2_pair3.bmp,dy_R2
rawdata/data/butieping/dy_R2/Rgd1245/dy_R2_pair30.bmp,dy_R2
rawdata/data/butieping/dy_R2/Rgd1245/dy_R2_pair31.bmp,dy_R2
rawdata/data/butieping/dy_R2/Rgd1245/dy_R2_pair32.bmp,dy_R2
rawdata/data/butieping/dy_R2/Rgd1245/dy_R2_pair33.bmp,dy_R2
rawdata/data/butieping/dy_R2/Rgd1245/dy_R2_pair34.bmp,dy_R2
rawdata/data/butieping/dy_R2/Rgd1245/dy_R2_pair35.bmp,dy_R2
rawdata/data/butieping/dy_R2/Rgd1245/dy_R2_pair36.bmp,dy_R2
rawdata/data/butieping/dy_R2/Rgd1245/dy_R2_pair37.bmp,dy_R2
rawdata/data/butieping/dy_R2/Rgd1245/dy_R2_pair38.bmp,dy_R2
rawdata/data/butieping/dy_R2/Rgd1245/dy_R2_pair39.bmp,dy_R2
rawdata/data/butieping/dy_R2/Rgd1245/dy_R2_pair4.bmp,dy_R2
rawdata/data/butieping/dy_R2/Rgd1245/dy_R2_pair40.bmp,dy_R2
rawdata/data/butieping/dy_R2/Rgd1245/dy_R2_pair41.bmp,dy_R2
rawdata/data/butieping/dy_R2/Rgd1245/dy_R2_pair42.bmp,dy_R2
rawdata/data/butieping/dy_R2/Rgd1245/dy_R2_pair43.bmp,dy_R2
rawdata/data/butieping/dy_R2/Rgd1245/dy_R2_pair44.bmp,dy_R2
rawdata/data/butieping/dy_R2/Rgd1245/dy_R2_pair45.bmp,dy_R2
rawdata/data/butieping/dy_R2/Rgd1245/dy_R2_pair46.bmp,dy_R2
rawdata/data/butieping/dy_R2/Rgd1245/dy_R2_pair47.bmp,dy_R2
rawdata/data/butieping/dy_R2/Rgd1245/dy_R2_pair48.bmp,dy_R2
rawdata/data/butieping/dy_R2/Rgd1245/dy_R2_pair49.bmp,dy_R2
rawdata/data/butieping/dy_R2/Rgd1245/dy_R2_pair5.bmp,dy_R2
rawdata/data/butieping/dy_R2/Rgd1245/dy_R2_pair50.bmp,dy_R2
rawdata/data/butieping/dy_R2/Rgd1245/dy_R2_pair51.bmp,dy_R2
rawdata/data/butieping/dy_R2/Rgd1245/dy_R2_pair52.bmp,dy_R2
rawdata/data/butieping/dy_R2/Rgd1245/dy_R2_pair53.bmp,dy_R2
rawdata/data/butieping/dy_R2/Rgd1245/dy_R2_pair54.bmp,dy_R2
rawdata/data/butieping/dy_R2/Rgd1245/dy_R2_pair55.bmp,dy_R2
rawdata/data/butieping/dy_R2/Rgd1245/dy_R2_pair56.bmp,dy_R2
rawdata/data/butieping/dy_R2/Rgd1245/dy_R2_pair57.bmp,dy_R2
rawdata/data/butieping/dy_R2/Rgd1245/dy_R2_pair58.bmp,dy_R2
rawdata/data/butieping/dy_R2/Rgd1245/dy_R2_pair59.bmp,dy_R2
rawdata/data/butieping/dy_R2/Rgd1245/dy_R2_pair6.bmp,dy_R2
rawdata/data/butieping/dy_R2/Rgd1245/dy_R2_pair60.bmp,dy_R2
rawdata/data/butieping/dy_R2/Rgd1245/dy_R2_pair61.bmp,dy_R2
rawdata/data/butieping/dy_R2/Rgd1245/dy_R2_pair62.bmp,dy_R2
rawdata/data/butieping/dy_R2/Rgd1245/dy_R2_pair63.bmp,dy_R2
rawdata/data/butieping/dy_R2/Rgd1245/dy_R2_pair64.bmp,dy_R2
rawdata/data/butieping/dy_R2/Rgd1245/dy_R2_pair65.bmp,dy_R2
rawdata/data/butieping/dy_R2/Rgd1245/dy_R2_pair66.bmp,dy_R2
rawdata/data/butieping/dy_R2/Rgd1245/dy_R2_pair67.bmp,dy_R2
rawdata/data/butieping/dy_R2/Rgd1245/dy_R2_pair68.bmp,dy_R2
rawdata/data/butieping/dy_R2/Rgd1245/dy_R2_pair69.bmp,dy_R2
rawdata/data/butieping/dy_R2/Rgd1245/dy_R2_pair7.bmp,dy_R2
rawdata/data/butieping/dy_R2/Rgd1245/dy_R2_pair70.bmp,dy_R2
rawdata/data/butieping/dy_R2/Rgd1245/dy_R2_pair71.bmp,dy_R2
rawdata/data/butieping/dy_R2/Rgd1245/dy_R2_pair72.bmp,dy_R2
rawdata/data/butieping/dy_R2/Rgd1245/dy_R2_pair73.bmp,dy_R2
rawdata/data/butieping/dy_R2/Rgd1245/dy_R2_pair74.bmp,dy_R2
rawdata/data/butieping/dy_R2/Rgd1245/dy_R2_pair75.bmp,dy_R2
rawdata/data/butieping/dy_R2/Rgd1245/dy_R2_pair76.bmp,dy_R2
rawdata/data/butieping/dy_R2/Rgd1245/dy_R2_pair77.bmp,dy_R2
rawdata/data/butieping/dy_R2/Rgd1245/dy_R2_pair78.bmp,dy_R2
rawdata/data/butieping/dy_R2/Rgd1245/dy_R2_pair79.bmp,dy_R2
rawdata/data/butieping/dy_R2/Rgd1245/dy_R2_pair8.bmp,dy_R2
rawdata/data/butieping/dy_R2/Rgd1245/dy_R2_pair80.bmp,dy_R2
rawdata/data/butieping/dy_R2/Rgd1245/dy_R2_pair81.bmp,dy_R2
rawdata/data/butieping/dy_R2/Rgd1245/dy_R2_pair82.bmp,dy_R2
rawdata/data/butieping/dy_R2/Rgd1245/dy_R2_pair83.bmp,dy_R2
rawdata/data/butieping/dy_R2/Rgd1245/dy_R2_pair84.bmp,dy_R2
rawdata/data/butieping/dy_R2/Rgd1245/dy_R2_pair85.bmp,dy_R2
rawdata/data/butieping/dy_R2/Rgd1245/dy_R2_pair86.bmp,dy_R2
rawdata/data/butieping/dy_R2/Rgd1245/dy_R2_pair87.bmp,dy_R2
rawdata/data/butieping/dy_R2/Rgd1245/dy_R2_pair88.bmp,dy_R2
rawdata/data/butieping/dy_R2/Rgd1245/dy_R2_pair89.bmp,dy_R2
rawdata/data/butieping/dy_R2/Rgd1245/dy_R2_pair9.bmp,dy_R2
rawdata/data/butieping/dy_R2/Rgd1245/dy_R2_pair90.bmp,dy_R2
rawdata/data/butieping/dy_R2/Rgd1245/dy_R2_pair91.bmp,dy_R2
rawdata/data/butieping/dy_R2/Rgd1245/dy_R2_pair92.bmp,dy_R2
rawdata/data/butieping/dy_R2/Rgd1245/dy_R2_pair93.bmp,dy_R2
rawdata/data/butieping/dy_R2/Rgd1245/dy_R2_pair94.bmp,dy_R2
rawdata/data/butieping/dy_R2/Rgd1245/dy_R2_pair95.bmp,dy_R2
rawdata/data/butieping/dy_R2/Rgd1245/dy_R2_pair96.bmp,dy_R2
rawdata/data/butieping/dy_R2/Rgd1245/dy_R2_pair97.bmp,dy_R2
rawdata/data/butieping/dy_R2/Rgd1245/dy_R2_pair98.bmp,dy_R2
rawdata/data/butieping/dy_R2/Rgd1245/dy_R2_pair99.bmp,dy_R2
rawdata/data/butieping/fys_R0/Rgd1237/fys_R0_pair0.bmp,fys_R0
rawdata/data/butieping/fys_R0/Rgd1237/fys_R0_pair1.bmp,fys_R0
rawdata/data/butieping/fys_R0/Rgd1237/fys_R0_pair10.bmp,fys_R0
rawdata/data/butieping/fys_R0/Rgd1237/fys_R0_pair11.bmp,fys_R0
rawdata/data/butieping/fys_R0/Rgd1237/fys_R0_pair12.bmp,fys_R0
rawdata/data/butieping/fys_R0/Rgd1237/fys_R0_pair13.bmp,fys_R0
rawdata/data/butieping/fys_R0/Rgd1237/fys_R0_pair14.bmp,fys_R0
rawdata/data/butieping/fys_R0/Rgd1237/fys_R0_pair15.bmp,fys_R0
rawdata/data/butieping/fys_R0/Rgd1237/fys_R0_pair16.bmp,fys_R0
rawdata/data/butieping/fys_R0/Rgd1237/fys_R0_pair17.bmp,fys_R0
rawdata/data/butieping/fys_R0/Rgd1237/fys_R0_pair18.bmp,fys_R0
rawdata/data/butieping/fys_R0/Rgd1237/fys_R0_pair19.bmp,fys_R0
rawdata/data/butieping/fys_R0/Rgd1237/fys_R0_pair2.bmp,fys_R0
rawdata/data/butieping/fys_R0/Rgd1237/fys_R0_pair20.bmp,fys_R0
rawdata/data/butieping/fys_R0/Rgd1237/fys_R0_pair21.bmp,fys_R0
rawdata/data/butieping/fys_R0/Rgd1237/fys_R0_pair22.bmp,fys_R0
rawdata/data/butieping/fys_R0/Rgd1237/fys_R0_pair23.bmp,fys_R0
rawdata/data/butieping/fys_R0/Rgd1237/fys_R0_pair24.bmp,fys_R0
rawdata/data/butieping/fys_R0/Rgd1237/fys_R0_pair25.bmp,fys_R0
rawdata/data/butieping/fys_R0/Rgd1237/fys_R0_pair26.bmp,fys_R0
rawdata/data/butieping/fys_R0/Rgd1237/fys_R0_pair27.bmp,fys_R0
rawdata/data/butieping/fys_R0/Rgd1237/fys_R0_pair28.bmp,fys_R0
rawdata/data/butieping/fys_R0/Rgd1237/fys_R0_pair29.bmp,fys_R0
rawdata/data/butieping/fys_R0/Rgd1237/fys_R0_pair3.bmp,fys_R0
rawdata/data/butieping/fys_R0/Rgd1237/fys_R0_pair30.bmp,fys_R0
rawdata/data/butieping/fys_R0/Rgd1237/fys_R0_pair31.bmp,fys_R0
rawdata/data/butieping/fys_R0/Rgd1237/fys_R0_pair32.bmp,fys_R0
rawdata/data/butieping/fys_R0/Rgd1237/fys_R0_pair33.bmp,fys_R0
rawdata/data/butieping/fys_R0/Rgd1237/fys_R0_pair34.bmp,fys_R0
rawdata/data/butieping/fys_R0/Rgd1237/fys_R0_pair35.bmp,fys_R0
rawdata/data/butieping/fys_R0/Rgd1237/fys_R0_pair36.bmp,fys_R0
rawdata/data/butieping/fys_R0/Rgd1237/fys_R0_pair37.bmp,fys_R0
rawdata/data/butieping/fys_R0/Rgd1237/fys_R0_pair38.bmp,fys_R0
rawdata/data/butieping/fys_R0/Rgd1237/fys_R0_pair39.bmp,fys_R0
rawdata/data/butieping/fys_R0/Rgd1237/fys_R0_pair4.bmp,fys_R0
rawdata/data/butieping/fys_R0/Rgd1237/fys_R0_pair40.bmp,fys_R0
rawdata/data/butieping/fys_R0/Rgd1237/fys_R0_pair41.bmp,fys_R0
rawdata/data/butieping/fys_R0/Rgd1237/fys_R0_pair42.bmp,fys_R0
rawdata/data/butieping/fys_R0/Rgd1237/fys_R0_pair43.bmp,fys_R0
rawdata/data/butieping/fys_R0/Rgd1237/fys_R0_pair44.bmp,fys_R0
rawdata/data/butieping/fys_R0/Rgd1237/fys_R0_pair45.bmp,fys_R0
rawdata/data/butieping/fys_R0/Rgd1237/fys_R0_pair46.bmp,fys_R0
rawdata/data/butieping/fys_R0/Rgd1237/fys_R0_pair47.bmp,fys_R0
rawdata/data/butieping/fys_R0/Rgd1237/fys_R0_pair48.bmp,fys_R0
rawdata/data/butieping/fys_R0/Rgd1237/fys_R0_pair49.bmp,fys_R0
rawdata/data/butieping/fys_R0/Rgd1237/fys_R0_pair5.bmp,fys_R0
rawdata/data/butieping/fys_R0/Rgd1237/fys_R0_pair50.bmp,fys_R0
rawdata/data/butieping/fys_R0/Rgd1237/fys_R0_pair51.bmp,fys_R0
rawdata/data/butieping/fys_R0/Rgd1237/fys_R0_pair52.bmp,fys_R0
rawdata/data/butieping/fys_R0/Rgd1237/fys_R0_pair53.bmp,fys_R0
rawdata/data/butieping/fys_R0/Rgd1237/fys_R0_pair54.bmp,fys_R0
rawdata/data/butieping/fys_R0/Rgd1237/fys_R0_pair55.bmp,fys_R0
rawdata/data/butieping/fys_R0/Rgd1237/fys_R0_pair56.bmp,fys_R0
rawdata/data/butieping/fys_R0/Rgd1237/fys_R0_pair57.bmp,fys_R0
rawdata/data/butieping/fys_R0/Rgd1237/fys_R0_pair58.bmp,fys_R0
rawdata/data/butieping/fys_R0/Rgd1237/fys_R0_pair59.bmp,fys_R0
rawdata/data/butieping/fys_R0/Rgd1237/fys_R0_pair6.bmp,fys_R0
rawdata/data/butieping/fys_R0/Rgd1237/fys_R0_pair60.bmp,fys_R0
rawdata/data/butieping/fys_R0/Rgd1237/fys_R0_pair61.bmp,fys_R0
rawdata/data/butieping/fys_R0/Rgd1237/fys_R0_pair62.bmp,fys_R0
rawdata/data/butieping/fys_R0/Rgd1237/fys_R0_pair63.bmp,fys_R0
rawdata/data/butieping/fys_R0/Rgd1237/fys_R0_pair64.bmp,fys_R0
rawdata/data/butieping/fys_R0/Rgd1237/fys_R0_pair65.bmp,fys_R0
rawdata/data/butieping/fys_R0/Rgd1237/fys_R0_pair66.bmp,fys_R0
rawdata/data/butieping/fys_R0/Rgd1237/fys_R0_pair67.bmp,fys_R0
rawdata/data/butieping/fys_R0/Rgd1237/fys_R0_pair68.bmp,fys_R0
rawdata/data/butieping/fys_R0/Rgd1237/fys_R0_pair69.bmp,fys_R0
rawdata/data/butieping/fys_R0/Rgd1237/fys_R0_pair7.bmp,fys_R0
rawdata/data/butieping/fys_R0/Rgd1237/fys_R0_pair70.bmp,fys_R0
rawdata/data/butieping/fys_R0/Rgd1237/fys_R0_pair71.bmp,fys_R0
rawdata/data/butieping/fys_R0/Rgd1237/fys_R0_pair72.bmp,fys_R0
rawdata/data/butieping/fys_R0/Rgd1237/fys_R0_pair73.bmp,fys_R0
rawdata/data/butieping/fys_R0/Rgd1237/fys_R0_pair74.bmp,fys_R0
rawdata/data/butieping/fys_R0/Rgd1237/fys_R0_pair75.bmp,fys_R0
rawdata/data/butieping/fys_R0/Rgd1237/fys_R0_pair76.bmp,fys_R0
rawdata/data/butieping/fys_R0/Rgd1237/fys_R0_pair77.bmp,fys_R0
rawdata/data/butieping/fys_R0/Rgd1237/fys_R0_pair78.bmp,fys_R0
rawdata/data/butieping/fys_R0/Rgd1237/fys_R0_pair79.bmp,fys_R0
rawdata/data/butieping/fys_R0/Rgd1237/fys_R0_pair8.bmp,fys_R0
rawdata/data/butieping/fys_R0/Rgd1237/fys_R0_pair80.bmp,fys_R0
rawdata/data/butieping/fys_R0/Rgd1237/fys_R0_pair81.bmp,fys_R0
rawdata/data/butieping/fys_R0/Rgd1237/fys_R0_pair82.bmp,fys_R0
rawdata/data/butieping/fys_R0/Rgd1237/fys_R0_pair83.bmp,fys_R0
rawdata/data/butieping/fys_R0/Rgd1237/fys_R0_pair84.bmp,fys_R0
rawdata/data/butieping/fys_R0/Rgd1237/fys_R0_pair85.bmp,fys_R0
rawdata/data/butieping/fys_R0/Rgd1237/fys_R0_pair86.bmp,fys_R0
rawdata/data/butieping/fys_R0/Rgd1237/fys_R0_pair87.bmp,fys_R0
rawdata/data/butieping/fys_R0/Rgd1237/fys_R0_pair88.bmp,fys_R0
rawdata/data/butieping/fys_R0/Rgd1237/fys_R0_pair89.bmp,fys_R0
rawdata/data/butieping/fys_R0/Rgd1237/fys_R0_pair9.bmp,fys_R0
rawdata/data/butieping/fys_R0/Rgd1237/fys_R0_pair90.bmp,fys_R0
rawdata/data/butieping/fys_R0/Rgd1237/fys_R0_pair91.bmp,fys_R0
rawdata/data/butieping/fys_R0/Rgd1237/fys_R0_pair92.bmp,fys_R0
rawdata/data/butieping/fys_R0/Rgd1237/fys_R0_pair93.bmp,fys_R0
rawdata/data/butieping/fys_R0/Rgd1237/fys_R0_pair94.bmp,fys_R0
rawdata/data/butieping/fys_R0/Rgd1237/fys_R0_pair95.bmp,fys_R0
rawdata/data/butieping/fys_R0/Rgd1237/fys_R0_pair96.bmp,fys_R0
rawdata/data/butieping/fys_R0/Rgd1237/fys_R0_pair97.bmp,fys_R0
rawdata/data/butieping/fys_R0/Rgd1237/fys_R0_pair98.bmp,fys_R0
rawdata/data/butieping/fys_R0/Rgd1237/fys_R0_pair99.bmp,fys_R0
rawdata/data/butieping/gjw_R0/Rgd1245/gjw_R0_pair0.bmp,gjw_R0
rawdata/data/butieping/gjw_R0/Rgd1245/gjw_R0_pair1.bmp,gjw_R0
rawdata/data/butieping/gjw_R0/Rgd1245/gjw_R0_pair10.bmp,gjw_R0
rawdata/data/butieping/gjw_R0/Rgd1245/gjw_R0_pair11.bmp,gjw_R0
rawdata/data/butieping/gjw_R0/Rgd1245/gjw_R0_pair12.bmp,gjw_R0
rawdata/data/butieping/gjw_R0/Rgd1245/gjw_R0_pair13.bmp,gjw_R0
rawdata/data/butieping/gjw_R0/Rgd1245/gjw_R0_pair14.bmp,gjw_R0
rawdata/data/butieping/gjw_R0/Rgd1245/gjw_R0_pair15.bmp,gjw_R0
rawdata/data/butieping/gjw_R0/Rgd1245/gjw_R0_pair16.bmp,gjw_R0
rawdata/data/butieping/gjw_R0/Rgd1245/gjw_R0_pair17.bmp,gjw_R0
rawdata/data/butieping/gjw_R0/Rgd1245/gjw_R0_pair18.bmp,gjw_R0
rawdata/data/butieping/gjw_R0/Rgd1245/gjw_R0_pair19.bmp,gjw_R0
rawdata/data/butieping/gjw_R0/Rgd1245/gjw_R0_pair2.bmp,gjw_R0
rawdata/data/butieping/gjw_R0/Rgd1245/gjw_R0_pair20.bmp,gjw_R0
rawdata/data/butieping/gjw_R0/Rgd1245/gjw_R0_pair21.bmp,gjw_R0
rawdata/data/butieping/gjw_R0/Rgd1245/gjw_R0_pair22.bmp,gjw_R0
rawdata/data/butieping/gjw_R0/Rgd1245/gjw_R0_pair23.bmp,gjw_R0
rawdata/data/butieping/gjw_R0/Rgd1245/gjw_R0_pair24.bmp,gjw_R0
rawdata/data/butieping/gjw_R0/Rgd1245/gjw_R0_pair25.bmp,gjw_R0
rawdata/data/butieping/gjw_R0/Rgd1245/gjw_R0_pair26.bmp,gjw_R0
rawdata/data/butieping/gjw_R0/Rgd1245/gjw_R0_pair27.bmp,gjw_R0
rawdata/data/butieping/gjw_R0/Rgd1245/gjw_R0_pair28.bmp,gjw_R0
rawdata/data/butieping/gjw_R0/Rgd1245/gjw_R0_pair29.bmp,gjw_R0
rawdata/data/butieping/gjw_R0/Rgd1245/gjw_R0_pair3.bmp,gjw_R0
rawdata/data/butieping/gjw_R0/Rgd1245/gjw_R0_pair30.bmp,gjw_R0
rawdata/data/butieping/gjw_R0/Rgd1245/gjw_R0_pair31.bmp,gjw_R0
rawdata/data/butieping/gjw_R0/Rgd1245/gjw_R0_pair32.bmp,gjw_R0
rawdata/data/butieping/gjw_R0/Rgd1245/gjw_R0_pair33.bmp,gjw_R0
rawdata/data/butieping/gjw_R0/Rgd1245/gjw_R0_pair34.bmp,gjw_R0
rawdata/data/butieping/gjw_R0/Rgd1245/gjw_R0_pair35.bmp,gjw_R0
rawdata/data/butieping/gjw_R0/Rgd1245/gjw_R0_pair36.bmp,gjw_R0
rawdata/data/butieping/gjw_R0/Rgd1245/gjw_R0_pair37.bmp,gjw_R0
rawdata/data/butieping/gjw_R0/Rgd1245/gjw_R0_pair38.bmp,gjw_R0
rawdata/data/butieping/gjw_R0/Rgd1245/gjw_R0_pair39.bmp,gjw_R0
rawdata/data/butieping/gjw_R0/Rgd1245/gjw_R0_pair4.bmp,gjw_R0
rawdata/data/butieping/gjw_R0/Rgd1245/gjw_R0_pair40.bmp,gjw_R0
rawdata/data/butieping/gjw_R0/Rgd1245/gjw_R0_pair41.bmp,gjw_R0
rawdata/data/butieping/gjw_R0/Rgd1245/gjw_R0_pair42.bmp,gjw_R0
rawdata/data/butieping/gjw_R0/Rgd1245/gjw_R0_pair43.bmp,gjw_R0
rawdata/data/butieping/gjw_R0/Rgd1245/gjw_R0_pair44.bmp,gjw_R0
rawdata/data/butieping/gjw_R0/Rgd1245/gjw_R0_pair45.bmp,gjw_R0
rawdata/data/butieping/gjw_R0/Rgd1245/gjw_R0_pair46.bmp,gjw_R0
rawdata/data/butieping/gjw_R0/Rgd1245/gjw_R0_pair47.bmp,gjw_R0
rawdata/data/butieping/gjw_R0/Rgd1245/gjw_R0_pair48.bmp,gjw_R0
rawdata/data/butieping/gjw_R0/Rgd1245/gjw_R0_pair49.bmp,gjw_R0
rawdata/data/butieping/gjw_R0/Rgd1245/gjw_R0_pair5.bmp,gjw_R0
rawdata/data/butieping/gjw_R0/Rgd1245/gjw_R0_pair50.bmp,gjw_R0
rawdata/data/butieping/gjw_R0/Rgd1245/gjw_R0_pair51.bmp,gjw_R0
rawdata/data/butieping/gjw_R0/Rgd1245/gjw_R0_pair52.bmp,gjw_R0
rawdata/data/butieping/gjw_R0/Rgd1245/gjw_R0_pair53.bmp,gjw_R0
rawdata/data/butieping/gjw_R0/Rgd1245/gjw_R0_pair54.bmp,gjw_R0
rawdata/data/butieping/gjw_R0/Rgd1245/gjw_R0_pair55.bmp,gjw_R0
rawdata/data/butieping/gjw_R0/Rgd1245/gjw_R0_pair56.bmp,gjw_R0
rawdata/data/butieping/gjw_R0/Rgd1245/gjw_R0_pair57.bmp,gjw_R0
rawdata/data/butieping/gjw_R0/Rgd1245/gjw_R0_pair58.bmp,gjw_R0
rawdata/data/butieping/gjw_R0/Rgd1245/gjw_R0_pair59.bmp,gjw_R0
rawdata/data/butieping/gjw_R0/Rgd1245/gjw_R0_pair6.bmp,gjw_R0
rawdata/data/butieping/gjw_R0/Rgd1245/gjw_R0_pair60.bmp,gjw_R0
rawdata/data/butieping/gjw_R0/Rgd1245/gjw_R0_pair61.bmp,gjw_R0
rawdata/data/butieping/gjw_R0/Rgd1245/gjw_R0_pair62.bmp,gjw_R0
rawdata/data/butieping/gjw_R0/Rgd1245/gjw_R0_pair63.bmp,gjw_R0
rawdata/data/butieping/gjw_R0/Rgd1245/gjw_R0_pair64.bmp,gjw_R0
rawdata/data/butieping/gjw_R0/Rgd1245/gjw_R0_pair65.bmp,gjw_R0
rawdata/data/butieping/gjw_R0/Rgd1245/gjw_R0_pair66.bmp,gjw_R0
rawdata/data/butieping/gjw_R0/Rgd1245/gjw_R0_pair67.bmp,gjw_R0
rawdata/data/butieping/gjw_R0/Rgd1245/gjw_R0_pair68.bmp,gjw_R0
rawdata/data/butieping/gjw_R0/Rgd1245/gjw_R0_pair69.bmp,gjw_R0
rawdata/data/butieping/gjw_R0/Rgd1245/gjw_R0_pair7.bmp,gjw_R0
rawdata/data/butieping/gjw_R0/Rgd1245/gjw_R0_pair70.bmp,gjw_R0
rawdata/data/butieping/gjw_R0/Rgd1245/gjw_R0_pair71.bmp,gjw_R0
rawdata/data/butieping/gjw_R0/Rgd1245/gjw_R0_pair72.bmp,gjw_R0
rawdata/data/butieping/gjw_R0/Rgd1245/gjw_R0_pair73.bmp,gjw_R0
rawdata/data/butieping/gjw_R0/Rgd1245/gjw_R0_pair74.bmp,gjw_R0
rawdata/data/butieping/gjw_R0/Rgd1245/gjw_R0_pair75.bmp,gjw_R0
rawdata/data/butieping/gjw_R0/Rgd1245/gjw_R0_pair76.bmp,gjw_R0
rawdata/data/butieping/gjw_R0/Rgd1245/gjw_R0_pair77.bmp,gjw_R0
rawdata/data/butieping/gjw_R0/Rgd1245/gjw_R0_pair78.bmp,gjw_R0
rawdata/data/butieping/gjw_R0/Rgd1245/gjw_R0_pair79.bmp,gjw_R0
rawdata/data/butieping/gjw_R0/Rgd1245/gjw_R0_pair8.bmp,gjw_R0
rawdata/data/butieping/gjw_R0/Rgd1245/gjw_R0_pair80.bmp,gjw_R0
rawdata/data/butieping/gjw_R0/Rgd1245/gjw_R0_pair81.bmp,gjw_R0
rawdata/data/butieping/gjw_R0/Rgd1245/gjw_R0_pair82.bmp,gjw_R0
rawdata/data/butieping/gjw_R0/Rgd1245/gjw_R0_pair83.bmp,gjw_R0
rawdata/data/butieping/gjw_R0/Rgd1245/gjw_R0_pair84.bmp,gjw_R0
rawdata/data/butieping/gjw_R0/Rgd1245/gjw_R0_pair85.bmp,gjw_R0
rawdata/data/butieping/gjw_R0/Rgd1245/gjw_R0_pair86.bmp,gjw_R0
rawdata/data/butieping/gjw_R0/Rgd1245/gjw_R0_pair87.bmp,gjw_R0
rawdata/data/butieping/gjw_R0/Rgd1245/gjw_R0_pair88.bmp,gjw_R0
rawdata/data/butieping/gjw_R0/Rgd1245/gjw_R0_pair89.bmp,gjw_R0
rawdata/data/butieping/gjw_R0/Rgd1245/gjw_R0_pair9.bmp,gjw_R0
rawdata/data/butieping/gjw_R0/Rgd1245/gjw_R0_pair90.bmp,gjw_R0
rawdata/data/butieping/gjw_R0/Rgd1245/gjw_R0_pair91.bmp,gjw_R0
rawdata/data/butieping/gjw_R0/Rgd1245/gjw_R0_pair92.bmp,gjw_R0
rawdata/data/butieping/gjw_R0/Rgd1245/gjw_R0_pair93.bmp,gjw_R0
rawdata/data/butieping/gjw_R0/Rgd1245/gjw_R0_pair94.bmp,gjw_R0
rawdata/data/butieping/gjw_R0/Rgd1245/gjw_R0_pair95.bmp,gjw_R0
rawdata/data/butieping/gjw_R0/Rgd1245/gjw_R0_pair96.bmp,gjw_R0
rawdata/data/butieping/gjw_R0/Rgd1245/gjw_R0_pair97.bmp,gjw_R0
rawdata/data/butieping/gjw_R0/Rgd1245/gjw_R0_pair98.bmp,gjw_R0
rawdata/data/butieping/gjw_R0/Rgd1245/gjw_R0_pair99.bmp,gjw_R0
rawdata/data/butieping/gjw_R1/Rgd1245/gjw_R1_pair0.bmp,gjw_R1
rawdata/data/butieping/gjw_R1/Rgd1245/gjw_R1_pair1.bmp,gjw_R1
rawdata/data/butieping/gjw_R1/Rgd1245/gjw_R1_pair10.bmp,gjw_R1
rawdata/data/butieping/gjw_R1/Rgd1245/gjw_R1_pair11.bmp,gjw_R1
rawdata/data/butieping/gjw_R1/Rgd1245/gjw_R1_pair12.bmp,gjw_R1
rawdata/data/butieping/gjw_R1/Rgd1245/gjw_R1_pair13.bmp,gjw_R1
rawdata/data/butieping/gjw_R1/Rgd1245/gjw_R1_pair14.bmp,gjw_R1
rawdata/data/butieping/gjw_R1/Rgd1245/gjw_R1_pair15.bmp,gjw_R1
rawdata/data/butieping/gjw_R1/Rgd1245/gjw_R1_pair16.bmp,gjw_R1
rawdata/data/butieping/gjw_R1/Rgd1245/gjw_R1_pair17.bmp,gjw_R1
rawdata/data/butieping/gjw_R1/Rgd1245/gjw_R1_pair18.bmp,gjw_R1
rawdata/data/butieping/gjw_R1/Rgd1245/gjw_R1_pair19.bmp,gjw_R1
rawdata/data/butieping/gjw_R1/Rgd1245/gjw_R1_pair2.bmp,gjw_R1
rawdata/data/butieping/gjw_R1/Rgd1245/gjw_R1_pair20.bmp,gjw_R1
rawdata/data/butieping/gjw_R1/Rgd1245/gjw_R1_pair21.bmp,gjw_R1
rawdata/data/butieping/gjw_R1/Rgd1245/gjw_R1_pair22.bmp,gjw_R1
rawdata/data/butieping/gjw_R1/Rgd1245/gjw_R1_pair23.bmp,gjw_R1
rawdata/data/butieping/gjw_R1/Rgd1245/gjw_R1_pair24.bmp,gjw_R1
rawdata/data/butieping/gjw_R1/Rgd1245/gjw_R1_pair25.bmp,gjw_R1
rawdata/data/butieping/gjw_R1/Rgd1245/gjw_R1_pair26.bmp,gjw_R1
rawdata/data/butieping/gjw_R1/Rgd1245/gjw_R1_pair27.bmp,gjw_R1
rawdata/data/butieping/gjw_R1/Rgd1245/gjw_R1_pair28.bmp,gjw_R1
rawdata/data/butieping/gjw_R1/Rgd1245/gjw_R1_pair29.bmp,gjw_R1
rawdata/data/butieping/gjw_R1/Rgd1245/gjw_R1_pair3.bmp,gjw_R1
rawdata/data/butieping/gjw_R1/Rgd1245/gjw_R1_pair30.bmp,gjw_R1
rawdata/data/butieping/gjw_R1/Rgd1245/gjw_R1_pair31.bmp,gjw_R1
rawdata/data/butieping/gjw_R1/Rgd1245/gjw_R1_pair32.bmp,gjw_R1
rawdata/data/butieping/gjw_R1/Rgd1245/gjw_R1_pair33.bmp,gjw_R1
rawdata/data/butieping/gjw_R1/Rgd1245/gjw_R1_pair34.bmp,gjw_R1
rawdata/data/butieping/gjw_R1/Rgd1245/gjw_R1_pair35.bmp,gjw_R1
rawdata/data/butieping/gjw_R1/Rgd1245/gjw_R1_pair36.bmp,gjw_R1
rawdata/data/butieping/gjw_R1/Rgd1245/gjw_R1_pair37.bmp,gjw_R1
rawdata/data/butieping/gjw_R1/Rgd1245/gjw_R1_pair38.bmp,gjw_R1
rawdata/data/butieping/gjw_R1/Rgd1245/gjw_R1_pair39.bmp,gjw_R1
rawdata/data/butieping/gjw_R1/Rgd1245/gjw_R1_pair4.bmp,gjw_R1
rawdata/data/butieping/gjw_R1/Rgd1245/gjw_R1_pair40.bmp,gjw_R1
rawdata/data/butieping/gjw_R1/Rgd1245/gjw_R1_pair41.bmp,gjw_R1
rawdata/data/butieping/gjw_R1/Rgd1245/gjw_R1_pair42.bmp,gjw_R1
rawdata/data/butieping/gjw_R1/Rgd1245/gjw_R1_pair43.bmp,gjw_R1
rawdata/data/butieping/gjw_R1/Rgd1245/gjw_R1_pair44.bmp,gjw_R1
rawdata/data/butieping/gjw_R1/Rgd1245/gjw_R1_pair45.bmp,gjw_R1
rawdata/data/butieping/gjw_R1/Rgd1245/gjw_R1_pair46.bmp,gjw_R1
rawdata/data/butieping/gjw_R1/Rgd1245/gjw_R1_pair47.bmp,gjw_R1
rawdata/data/butieping/gjw_R1/Rgd1245/gjw_R1_pair48.bmp,gjw_R1
rawdata/data/butieping/gjw_R1/Rgd1245/gjw_R1_pair49.bmp,gjw_R1
rawdata/data/butieping/gjw_R1/Rgd1245/gjw_R1_pair5.bmp,gjw_R1
rawdata/data/butieping/gjw_R1/Rgd1245/gjw_R1_pair50.bmp,gjw_R1
rawdata/data/butieping/gjw_R1/Rgd1245/gjw_R1_pair51.bmp,gjw_R1
rawdata/data/butieping/gjw_R1/Rgd1245/gjw_R1_pair52.bmp,gjw_R1
rawdata/data/butieping/gjw_R1/Rgd1245/gjw_R1_pair53.bmp,gjw_R1
rawdata/data/butieping/gjw_R1/Rgd1245/gjw_R1_pair54.bmp,gjw_R1
rawdata/data/butieping/gjw_R1/Rgd1245/gjw_R1_pair55.bmp,gjw_R1
rawdata/data/butieping/gjw_R1/Rgd1245/gjw_R1_pair56.bmp,gjw_R1
rawdata/data/butieping/gjw_R1/Rgd1245/gjw_R1_pair57.bmp,gjw_R1
rawdata/data/butieping/gjw_R1/Rgd1245/gjw_R1_pair58.bmp,gjw_R1
rawdata/data/butieping/gjw_R1/Rgd1245/gjw_R1_pair59.bmp,gjw_R1
rawdata/data/butieping/gjw_R1/Rgd1245/gjw_R1_pair6.bmp,gjw_R1
rawdata/data/butieping/gjw_R1/Rgd1245/gjw_R1_pair60.bmp,gjw_R1
rawdata/data/butieping/gjw_R1/Rgd1245/gjw_R1_pair61.bmp,gjw_R1
rawdata/data/butieping/gjw_R1/Rgd1245/gjw_R1_pair62.bmp,gjw_R1
rawdata/data/butieping/gjw_R1/Rgd1245/gjw_R1_pair63.bmp,gjw_R1
rawdata/data/butieping/gjw_R1/Rgd1245/gjw_R1_pair64.bmp,gjw_R1
rawdata/data/butieping/gjw_R1/Rgd1245/gjw_R1_pair65.bmp,gjw_R1
rawdata/data/butieping/gjw_R1/Rgd1245/gjw_R1_pair66.bmp,gjw_R1
rawdata/data/butieping/gjw_R1/Rgd1245/gjw_R1_pair67.bmp,gjw_R1
rawdata/data/butieping/gjw_R1/Rgd1245/gjw_R1_pair68.bmp,gjw_R1
rawdata/data/butieping/gjw_R1/Rgd1245/gjw_R1_pair69.bmp,gjw_R1
rawdata/data/butieping/gjw_R1/Rgd1245/gjw_R1_pair7.bmp,gjw_R1
rawdata/data/butieping/gjw_R1/Rgd1245/gjw_R1_pair70.bmp,gjw_R1
rawdata/data/butieping/gjw_R1/Rgd1245/gjw_R1_pair71.bmp,gjw_R1
rawdata/data/butieping/gjw_R1/Rgd1245/gjw_R1_pair72.bmp,gjw_R1
rawdata/data/butieping/gjw_R1/Rgd1245/gjw_R1_pair73.bmp,gjw_R1
rawdata/data/butieping/gjw_R1/Rgd1245/gjw_R1_pair74.bmp,gjw_R1
rawdata/data/butieping/gjw_R1/Rgd1245/gjw_R1_pair75.bmp,gjw_R1
rawdata/data/butieping/gjw_R1/Rgd1245/gjw_R1_pair76.bmp,gjw_R1
rawdata/data/butieping/gjw_R1/Rgd1245/gjw_R1_pair77.bmp,gjw_R1
rawdata/data/butieping/gjw_R1/Rgd1245/gjw_R1_pair78.bmp,gjw_R1
rawdata/data/butieping/gjw_R1/Rgd1245/gjw_R1_pair79.bmp,gjw_R1
rawdata/data/butieping/gjw_R1/Rgd1245/gjw_R1_pair8.bmp,gjw_R1
rawdata/data/butieping/gjw_R1/Rgd1245/gjw_R1_pair80.bmp,gjw_R1
rawdata/data/butieping/gjw_R1/Rgd1245/gjw_R1_pair81.bmp,gjw_R1
rawdata/data/butieping/gjw_R1/Rgd1245/gjw_R1_pair82.bmp,gjw_R1
rawdata/data/butieping/gjw_R1/Rgd1245/gjw_R1_pair83.bmp,gjw_R1
rawdata/data/butieping/gjw_R1/Rgd1245/gjw_R1_pair84.bmp,gjw_R1
rawdata/data/butieping/gjw_R1/Rgd1245/gjw_R1_pair85.bmp,gjw_R1
rawdata/data/butieping/gjw_R1/Rgd1245/gjw_R1_pair86.bmp,gjw_R1
rawdata/data/butieping/gjw_R1/Rgd1245/gjw_R1_pair87.bmp,gjw_R1
rawdata/data/butieping/gjw_R1/Rgd1245/gjw_R1_pair88.bmp,gjw_R1
rawdata/data/butieping/gjw_R1/Rgd1245/gjw_R1_pair89.bmp,gjw_R1
rawdata/data/butieping/gjw_R1/Rgd1245/gjw_R1_pair9.bmp,gjw_R1
rawdata/data/butieping/gjw_R1/Rgd1245/gjw_R1_pair90.bmp,gjw_R1
rawdata/data/butieping/gjw_R1/Rgd1245/gjw_R1_pair91.bmp,gjw_R1
rawdata/data/butieping/gjw_R1/Rgd1245/gjw_R1_pair92.bmp,gjw_R1
rawdata/data/butieping/gjw_R1/Rgd1245/gjw_R1_pair93.bmp,gjw_R1
rawdata/data/butieping/gjw_R1/Rgd1245/gjw_R1_pair94.bmp,gjw_R1
rawdata/data/butieping/gjw_R1/Rgd1245/gjw_R1_pair95.bmp,gjw_R1
rawdata/data/butieping/gjw_R1/Rgd1245/gjw_R1_pair96.bmp,gjw_R1
rawdata/data/butieping/gjw_R1/Rgd1245/gjw_R1_pair97.bmp,gjw_R1
rawdata/data/butieping/gjw_R1/Rgd1245/gjw_R1_pair98.bmp,gjw_R1
rawdata/data/butieping/gjw_R1/Rgd1245/gjw_R1_pair99.bmp,gjw_R1
rawdata/data/butieping/gjw_R2/Rgd1245/gjw_R2_pair0.bmp,gjw_R2
rawdata/data/butieping/gjw_R2/Rgd1245/gjw_R2_pair1.bmp,gjw_R2
rawdata/data/butieping/gjw_R2/Rgd1245/gjw_R2_pair10.bmp,gjw_R2
rawdata/data/butieping/gjw_R2/Rgd1245/gjw_R2_pair11.bmp,gjw_R2
rawdata/data/butieping/gjw_R2/Rgd1245/gjw_R2_pair12.bmp,gjw_R2
rawdata/data/butieping/gjw_R2/Rgd1245/gjw_R2_pair13.bmp,gjw_R2
rawdata/data/butieping/gjw_R2/Rgd1245/gjw_R2_pair14.bmp,gjw_R2
rawdata/data/butieping/gjw_R2/Rgd1245/gjw_R2_pair15.bmp,gjw_R2
rawdata/data/butieping/gjw_R2/Rgd1245/gjw_R2_pair16.bmp,gjw_R2
rawdata/data/butieping/gjw_R2/Rgd1245/gjw_R2_pair17.bmp,gjw_R2
rawdata/data/butieping/gjw_R2/Rgd1245/gjw_R2_pair18.bmp,gjw_R2
rawdata/data/butieping/gjw_R2/Rgd1245/gjw_R2_pair19.bmp,gjw_R2
rawdata/data/butieping/gjw_R2/Rgd1245/gjw_R2_pair2.bmp,gjw_R2
rawdata/data/butieping/gjw_R2/Rgd1245/gjw_R2_pair20.bmp,gjw_R2
rawdata/data/butieping/gjw_R2/Rgd1245/gjw_R2_pair21.bmp,gjw_R2
rawdata/data/butieping/gjw_R2/Rgd1245/gjw_R2_pair22.bmp,gjw_R2
rawdata/data/butieping/gjw_R2/Rgd1245/gjw_R2_pair23.bmp,gjw_R2
rawdata/data/butieping/gjw_R2/Rgd1245/gjw_R2_pair24.bmp,gjw_R2
rawdata/data/butieping/gjw_R2/Rgd1245/gjw_R2_pair25.bmp,gjw_R2
rawdata/data/butieping/gjw_R2/Rgd1245/gjw_R2_pair26.bmp,gjw_R2
rawdata/data/butieping/gjw_R2/Rgd1245/gjw_R2_pair27.bmp,gjw_R2
rawdata/data/butieping/gjw_R2/Rgd1245/gjw_R2_pair28.bmp,gjw_R2
rawdata/data/butieping/gjw_R2/Rgd1245/gjw_R2_pair29.bmp,gjw_R2
rawdata/data/butieping/gjw_R2/Rgd1245/gjw_R2_pair3.bmp,gjw_R2
rawdata/data/butieping/gjw_R2/Rgd1245/gjw_R2_pair30.bmp,gjw_R2
rawdata/data/butieping/gjw_R2/Rgd1245/gjw_R2_pair31.bmp,gjw_R2
rawdata/data/butieping/gjw_R2/Rgd1245/gjw_R2_pair32.bmp,gjw_R2
rawdata/data/butieping/gjw_R2/Rgd1245/gjw_R2_pair33.bmp,gjw_R2
rawdata/data/butieping/gjw_R2/Rgd1245/gjw_R2_pair34.bmp,gjw_R2
rawdata/data/butieping/gjw_R2/Rgd1245/gjw_R2_pair35.bmp,gjw_R2
rawdata/data/butieping/gjw_R2/Rgd1245/gjw_R2_pair36.bmp,gjw_R2
rawdata/data/butieping/gjw_R2/Rgd1245/gjw_R2_pair37.bmp,gjw_R2
rawdata/data/butieping/gjw_R2/Rgd1245/gjw_R2_pair38.bmp,gjw_R2
rawdata/data/butieping/gjw_R2/Rgd1245/gjw_R2_pair39.bmp,gjw_R2
rawdata/data/butieping/gjw_R2/Rgd1245/gjw_R2_pair4.bmp,gjw_R2
rawdata/data/butieping/gjw_R2/Rgd1245/gjw_R2_pair40.bmp,gjw_R2
rawdata/data/butieping/gjw_R2/Rgd1245/gjw_R2_pair41.bmp,gjw_R2
rawdata/data/butieping/gjw_R2/Rgd1245/gjw_R2_pair42.bmp,gjw_R2
rawdata/data/butieping/gjw_R2/Rgd1245/gjw_R2_pair43.bmp,gjw_R2
rawdata/data/butieping/gjw_R2/Rgd1245/gjw_R2_pair44.bmp,gjw_R2
rawdata/data/butieping/gjw_R2/Rgd1245/gjw_R2_pair45.bmp,gjw_R2
rawdata/data/butieping/gjw_R2/Rgd1245/gjw_R2_pair46.bmp,gjw_R2
rawdata/data/butieping/gjw_R2/Rgd1245/gjw_R2_pair47.bmp,gjw_R2
rawdata/data/butieping/gjw_R2/Rgd1245/gjw_R2_pair48.bmp,gjw_R2
rawdata/data/butieping/gjw_R2/Rgd1245/gjw_R2_pair49.bmp,gjw_R2
rawdata/data/butieping/gjw_R2/Rgd1245/gjw_R2_pair5.bmp,gjw_R2
rawdata/data/butieping/gjw_R2/Rgd1245/gjw_R2_pair50.bmp,gjw_R2
rawdata/data/butieping/gjw_R2/Rgd1245/gjw_R2_pair51.bmp,gjw_R2
rawdata/data/butieping/gjw_R2/Rgd1245/gjw_R2_pair52.bmp,gjw_R2
rawdata/data/butieping/gjw_R2/Rgd1245/gjw_R2_pair53.bmp,gjw_R2
rawdata/data/butieping/gjw_R2/Rgd1245/gjw_R2_pair54.bmp,gjw_R2
rawdata/data/butieping/gjw_R2/Rgd1245/gjw_R2_pair55.bmp,gjw_R2
rawdata/data/butieping/gjw_R2/Rgd1245/gjw_R2_pair56.bmp,gjw_R2
rawdata/data/butieping/gjw_R2/Rgd1245/gjw_R2_pair57.bmp,gjw_R2
rawdata/data/butieping/gjw_R2/Rgd1245/gjw_R2_pair58.bmp,gjw_R2
rawdata/data/butieping/gjw_R2/Rgd1245/gjw_R2_pair59.bmp,gjw_R2
rawdata/data/butieping/gjw_R2/Rgd1245/gjw_R2_pair6.bmp,gjw_R2
rawdata/data/butieping/gjw_R2/Rgd1245/gjw_R2_pair60.bmp,gjw_R2
rawdata/data/butieping/gjw_R2/Rgd1245/gjw_R2_pair61.bmp,gjw_R2
rawdata/data/butieping/gjw_R2/Rgd1245/gjw_R2_pair62.bmp,gjw_R2
rawdata/data/butieping/gjw_R2/Rgd1245/gjw_R2_pair63.bmp,gjw_R2
rawdata/data/butieping/gjw_R2/Rgd1245/gjw_R2_pair64.bmp,gjw_R2
rawdata/data/butieping/gjw_R2/Rgd1245/gjw_R2_pair65.bmp,gjw_R2
rawdata/data/butieping/gjw_R2/Rgd1245/gjw_R2_pair66.bmp,gjw_R2
rawdata/data/butieping/gjw_R2/Rgd1245/gjw_R2_pair67.bmp,gjw_R2
rawdata/data/butieping/gjw_R2/Rgd1245/gjw_R2_pair68.bmp,gjw_R2
rawdata/data/butieping/gjw_R2/Rgd1245/gjw_R2_pair69.bmp,gjw_R2
rawdata/data/butieping/gjw_R2/Rgd1245/gjw_R2_pair7.bmp,gjw_R2
rawdata/data/butieping/gjw_R2/Rgd1245/gjw_R2_pair70.bmp,gjw_R2
rawdata/data/butieping/gjw_R2/Rgd1245/gjw_R2_pair71.bmp,gjw_R2
rawdata/data/butieping/gjw_R2/Rgd1245/gjw_R2_pair72.bmp,gjw_R2
rawdata/data/butieping/gjw_R2/Rgd1245/gjw_R2_pair73.bmp,gjw_R2
rawdata/data/butieping/gjw_R2/Rgd1245/gjw_R2_pair74.bmp,gjw_R2
rawdata/data/butieping/gjw_R2/Rgd1245/gjw_R2_pair75.bmp,gjw_R2
rawdata/data/butieping/gjw_R2/Rgd1245/gjw_R2_pair76.bmp,gjw_R2
rawdata/data/butieping/gjw_R2/Rgd1245/gjw_R2_pair77.bmp,gjw_R2
rawdata/data/butieping/gjw_R2/Rgd1245/gjw_R2_pair78.bmp,gjw_R2
rawdata/data/butieping/gjw_R2/Rgd1245/gjw_R2_pair79.bmp,gjw_R2
rawdata/data/butieping/gjw_R2/Rgd1245/gjw_R2_pair8.bmp,gjw_R2
rawdata/data/butieping/gjw_R2/Rgd1245/gjw_R2_pair80.bmp,gjw_R2
rawdata/data/butieping/gjw_R2/Rgd1245/gjw_R2_pair81.bmp,gjw_R2
rawdata/data/butieping/gjw_R2/Rgd1245/gjw_R2_pair82.bmp,gjw_R2
rawdata/data/butieping/gjw_R2/Rgd1245/gjw_R2_pair83.bmp,gjw_R2
rawdata/data/butieping/gjw_R2/Rgd1245/gjw_R2_pair84.bmp,gjw_R2
rawdata/data/butieping/gjw_R2/Rgd1245/gjw_R2_pair85.bmp,gjw_R2
rawdata/data/butieping/gjw_R2/Rgd1245/gjw_R2_pair86.bmp,gjw_R2
rawdata/data/butieping/gjw_R2/Rgd1245/gjw_R2_pair87.bmp,gjw_R2
rawdata/data/butieping/gjw_R2/Rgd1245/gjw_R2_pair88.bmp,gjw_R2
rawdata/data/butieping/gjw_R2/Rgd1245/gjw_R2_pair89.bmp,gjw_R2
rawdata/data/butieping/gjw_R2/Rgd1245/gjw_R2_pair9.bmp,gjw_R2
rawdata/data/butieping/gjw_R2/Rgd1245/gjw_R2_pair90.bmp,gjw_R2
rawdata/data/butieping/gjw_R2/Rgd1245/gjw_R2_pair91.bmp,gjw_R2
rawdata/data/butieping/gjw_R2/Rgd1245/gjw_R2_pair92.bmp,gjw_R2
rawdata/data/butieping/gjw_R2/Rgd1245/gjw_R2_pair93.bmp,gjw_R2
rawdata/data/butieping/gjw_R2/Rgd1245/gjw_R2_pair94.bmp,gjw_R2
rawdata/data/butieping/gjw_R2/Rgd1245/gjw_R2_pair95.bmp,gjw_R2
rawdata/data/butieping/gjw_R2/Rgd1245/gjw_R2_pair96.bmp,gjw_R2
rawdata/data/butieping/gjw_R2/Rgd1245/gjw_R2_pair97.bmp,gjw_R2
rawdata/data/butieping/gjw_R2/Rgd1245/gjw_R2_pair98.bmp,gjw_R2
rawdata/data/butieping/gjw_R2/Rgd1245/gjw_R2_pair99.bmp,gjw_R2
rawdata/data/butieping/gyh_R0/Rgd1245/gyh_R0_pair0.bmp,gyh_R0
rawdata/data/butieping/gyh_R0/Rgd1245/gyh_R0_pair1.bmp,gyh_R0
rawdata/data/butieping/gyh_R0/Rgd1245/gyh_R0_pair10.bmp,gyh_R0
rawdata/data/butieping/gyh_R0/Rgd1245/gyh_R0_pair11.bmp,gyh_R0
rawdata/data/butieping/gyh_R0/Rgd1245/gyh_R0_pair12.bmp,gyh_R0
rawdata/data/butieping/gyh_R0/Rgd1245/gyh_R0_pair13.bmp,gyh_R0
rawdata/data/butieping/gyh_R0/Rgd1245/gyh_R0_pair14.bmp,gyh_R0
rawdata/data/butieping/gyh_R0/Rgd1245/gyh_R0_pair15.bmp,gyh_R0
rawdata/data/butieping/gyh_R0/Rgd1245/gyh_R0_pair16.bmp,gyh_R0
rawdata/data/butieping/gyh_R0/Rgd1245/gyh_R0_pair17.bmp,gyh_R0
rawdata/data/butieping/gyh_R0/Rgd1245/gyh_R0_pair18.bmp,gyh_R0
rawdata/data/butieping/gyh_R0/Rgd1245/gyh_R0_pair19.bmp,gyh_R0
rawdata/data/butieping/gyh_R0/Rgd1245/gyh_R0_pair2.bmp,gyh_R0
rawdata/data/butieping/gyh_R0/Rgd1245/gyh_R0_pair20.bmp,gyh_R0
rawdata/data/butieping/gyh_R0/Rgd1245/gyh_R0_pair21.bmp,gyh_R0
rawdata/data/butieping/gyh_R0/Rgd1245/gyh_R0_pair22.bmp,gyh_R0
rawdata/data/butieping/gyh_R0/Rgd1245/gyh_R0_pair23.bmp,gyh_R0
rawdata/data/butieping/gyh_R0/Rgd1245/gyh_R0_pair24.bmp,gyh_R0
rawdata/data/butieping/gyh_R0/Rgd1245/gyh_R0_pair25.bmp,gyh_R0
rawdata/data/butieping/gyh_R0/Rgd1245/gyh_R0_pair26.bmp,gyh_R0
rawdata/data/butieping/gyh_R0/Rgd1245/gyh_R0_pair27.bmp,gyh_R0
rawdata/data/butieping/gyh_R0/Rgd1245/gyh_R0_pair28.bmp,gyh_R0
rawdata/data/butieping/gyh_R0/Rgd1245/gyh_R0_pair29.bmp,gyh_R0
rawdata/data/butieping/gyh_R0/Rgd1245/gyh_R0_pair3.bmp,gyh_R0
rawdata/data/butieping/gyh_R0/Rgd1245/gyh_R0_pair30.bmp,gyh_R0
rawdata/data/butieping/gyh_R0/Rgd1245/gyh_R0_pair31.bmp,gyh_R0
rawdata/data/butieping/gyh_R0/Rgd1245/gyh_R0_pair32.bmp,gyh_R0
rawdata/data/butieping/gyh_R0/Rgd1245/gyh_R0_pair33.bmp,gyh_R0
rawdata/data/butieping/gyh_R0/Rgd1245/gyh_R0_pair34.bmp,gyh_R0
rawdata/data/butieping/gyh_R0/Rgd1245/gyh_R0_pair35.bmp,gyh_R0
rawdata/data/butieping/gyh_R0/Rgd1245/gyh_R0_pair36.bmp,gyh_R0
rawdata/data/butieping/gyh_R0/Rgd1245/gyh_R0_pair37.bmp,gyh_R0
rawdata/data/butieping/gyh_R0/Rgd1245/gyh_R0_pair38.bmp,gyh_R0
rawdata/data/butieping/gyh_R0/Rgd1245/gyh_R0_pair39.bmp,gyh_R0
rawdata/data/butieping/gyh_R0/Rgd1245/gyh_R0_pair4.bmp,gyh_R0
rawdata/data/butieping/gyh_R0/Rgd1245/gyh_R0_pair40.bmp,gyh_R0
rawdata/data/butieping/gyh_R0/Rgd1245/gyh_R0_pair41.bmp,gyh_R0
rawdata/data/butieping/gyh_R0/Rgd1245/gyh_R0_pair42.bmp,gyh_R0
rawdata/data/butieping/gyh_R0/Rgd1245/gyh_R0_pair43.bmp,gyh_R0
rawdata/data/butieping/gyh_R0/Rgd1245/gyh_R0_pair44.bmp,gyh_R0
rawdata/data/butieping/gyh_R0/Rgd1245/gyh_R0_pair45.bmp,gyh_R0
rawdata/data/butieping/gyh_R0/Rgd1245/gyh_R0_pair46.bmp,gyh_R0
rawdata/data/butieping/gyh_R0/Rgd1245/gyh_R0_pair47.bmp,gyh_R0
rawdata/data/butieping/gyh_R0/Rgd1245/gyh_R0_pair48.bmp,gyh_R0
rawdata/data/butieping/gyh_R0/Rgd1245/gyh_R0_pair49.bmp,gyh_R0
rawdata/data/butieping/gyh_R0/Rgd1245/gyh_R0_pair5.bmp,gyh_R0
rawdata/data/butieping/gyh_R0/Rgd1245/gyh_R0_pair50.bmp,gyh_R0
rawdata/data/butieping/gyh_R0/Rgd1245/gyh_R0_pair51.bmp,gyh_R0
rawdata/data/butieping/gyh_R0/Rgd1245/gyh_R0_pair52.bmp,gyh_R0
rawdata/data/butieping/gyh_R0/Rgd1245/gyh_R0_pair53.bmp,gyh_R0
rawdata/data/butieping/gyh_R0/Rgd1245/gyh_R0_pair54.bmp,gyh_R0
rawdata/data/butieping/gyh_R0/Rgd1245/gyh_R0_pair55.bmp,gyh_R0
rawdata/data/butieping/gyh_R0/Rgd1245/gyh_R0_pair56.bmp,gyh_R0
rawdata/data/butieping/gyh_R0/Rgd1245/gyh_R0_pair57.bmp,gyh_R0
rawdata/data/butieping/gyh_R0/Rgd1245/gyh_R0_pair58.bmp,gyh_R0
rawdata/data/butieping/gyh_R0/Rgd1245/gyh_R0_pair59.bmp,gyh_R0
rawdata/data/butieping/gyh_R0/Rgd1245/gyh_R0_pair6.bmp,gyh_R0
rawdata/data/butieping/gyh_R0/Rgd1245/gyh_R0_pair60.bmp,gyh_R0
rawdata/data/butieping/gyh_R0/Rgd1245/gyh_R0_pair61.bmp,gyh_R0
rawdata/data/butieping/gyh_R0/Rgd1245/gyh_R0_pair62.bmp,gyh_R0
rawdata/data/butieping/gyh_R0/Rgd1245/gyh_R0_pair63.bmp,gyh_R0
rawdata/data/butieping/gyh_R0/Rgd1245/gyh_R0_pair64.bmp,gyh_R0
rawdata/data/butieping/gyh_R0/Rgd1245/gyh_R0_pair65.bmp,gyh_R0
rawdata/data/butieping/gyh_R0/Rgd1245/gyh_R0_pair66.bmp,gyh_R0
rawdata/data/butieping/gyh_R0/Rgd1245/gyh_R0_pair67.bmp,gyh_R0
rawdata/data/butieping/gyh_R0/Rgd1245/gyh_R0_pair68.bmp,gyh_R0
rawdata/data/butieping/gyh_R0/Rgd1245/gyh_R0_pair69.bmp,gyh_R0
rawdata/data/butieping/gyh_R0/Rgd1245/gyh_R0_pair7.bmp,gyh_R0
rawdata/data/butieping/gyh_R0/Rgd1245/gyh_R0_pair70.bmp,gyh_R0
rawdata/data/butieping/gyh_R0/Rgd1245/gyh_R0_pair71.bmp,gyh_R0
rawdata/data/butieping/gyh_R0/Rgd1245/gyh_R0_pair72.bmp,gyh_R0
rawdata/data/butieping/gyh_R0/Rgd1245/gyh_R0_pair73.bmp,gyh_R0
rawdata/data/butieping/gyh_R0/Rgd1245/gyh_R0_pair74.bmp,gyh_R0
rawdata/data/butieping/gyh_R0/Rgd1245/gyh_R0_pair75.bmp,gyh_R0
rawdata/data/butieping/gyh_R0/Rgd1245/gyh_R0_pair76.bmp,gyh_R0
rawdata/data/butieping/gyh_R0/Rgd1245/gyh_R0_pair77.bmp,gyh_R0
rawdata/data/butieping/gyh_R0/Rgd1245/gyh_R0_pair78.bmp,gyh_R0
rawdata/data/butieping/gyh_R0/Rgd1245/gyh_R0_pair79.bmp,gyh_R0
rawdata/data/butieping/gyh_R0/Rgd1245/gyh_R0_pair8.bmp,gyh_R0
rawdata/data/butieping/gyh_R0/Rgd1245/gyh_R0_pair80.bmp,gyh_R0
rawdata/data/butieping/gyh_R0/Rgd1245/gyh_R0_pair81.bmp,gyh_R0
rawdata/data/butieping/gyh_R0/Rgd1245/gyh_R0_pair82.bmp,gyh_R0
rawdata/data/butieping/gyh_R0/Rgd1245/gyh_R0_pair83.bmp,gyh_R0
rawdata/data/butieping/gyh_R0/Rgd1245/gyh_R0_pair84.bmp,gyh_R0
rawdata/data/butieping/gyh_R0/Rgd1245/gyh_R0_pair85.bmp,gyh_R0
rawdata/data/butieping/gyh_R0/Rgd1245/gyh_R0_pair86.bmp,gyh_R0
rawdata/data/butieping/gyh_R0/Rgd1245/gyh_R0_pair87.bmp,gyh_R0
rawdata/data/butieping/gyh_R0/Rgd1245/gyh_R0_pair88.bmp,gyh_R0
rawdata/data/butieping/gyh_R0/Rgd1245/gyh_R0_pair89.bmp,gyh_R0
rawdata/data/butieping/gyh_R0/Rgd1245/gyh_R0_pair9.bmp,gyh_R0
rawdata/data/butieping/gyh_R0/Rgd1245/gyh_R0_pair90.bmp,gyh_R0
rawdata/data/butieping/gyh_R0/Rgd1245/gyh_R0_pair91.bmp,gyh_R0
rawdata/data/butieping/gyh_R0/Rgd1245/gyh_R0_pair92.bmp,gyh_R0
rawdata/data/butieping/gyh_R0/Rgd1245/gyh_R0_pair93.bmp,gyh_R0
rawdata/data/butieping/gyh_R0/Rgd1245/gyh_R0_pair94.bmp,gyh_R0
rawdata/data/butieping/gyh_R0/Rgd1245/gyh_R0_pair95.bmp,gyh_R0
rawdata/data/butieping/gyh_R0/Rgd1245/gyh_R0_pair96.bmp,gyh_R0
rawdata/data/butieping/gyh_R0/Rgd1245/gyh_R0_pair97.bmp,gyh_R0
rawdata/data/butieping/gyh_R0/Rgd1245/gyh_R0_pair98.bmp,gyh_R0
rawdata/data/butieping/gyh_R0/Rgd1245/gyh_R0_pair99.bmp,gyh_R0
rawdata/data/butieping/gyh_R1/Rgd1245/gyh_R1_pair0.bmp,gyh_R1
rawdata/data/butieping/gyh_R1/Rgd1245/gyh_R1_pair1.bmp,gyh_R1
rawdata/data/butieping/gyh_R1/Rgd1245/gyh_R1_pair10.bmp,gyh_R1
rawdata/data/butieping/gyh_R1/Rgd1245/gyh_R1_pair11.bmp,gyh_R1
rawdata/data/butieping/gyh_R1/Rgd1245/gyh_R1_pair12.bmp,gyh_R1
rawdata/data/butieping/gyh_R1/Rgd1245/gyh_R1_pair13.bmp,gyh_R1
rawdata/data/butieping/gyh_R1/Rgd1245/gyh_R1_pair14.bmp,gyh_R1
rawdata/data/butieping/gyh_R1/Rgd1245/gyh_R1_pair15.bmp,gyh_R1
rawdata/data/butieping/gyh_R1/Rgd1245/gyh_R1_pair16.bmp,gyh_R1
rawdata/data/butieping/gyh_R1/Rgd1245/gyh_R1_pair17.bmp,gyh_R1
rawdata/data/butieping/gyh_R1/Rgd1245/gyh_R1_pair18.bmp,gyh_R1
rawdata/data/butieping/gyh_R1/Rgd1245/gyh_R1_pair19.bmp,gyh_R1
rawdata/data/butieping/gyh_R1/Rgd1245/gyh_R1_pair2.bmp,gyh_R1
rawdata/data/butieping/gyh_R1/Rgd1245/gyh_R1_pair20.bmp,gyh_R1
rawdata/data/butieping/gyh_R1/Rgd1245/gyh_R1_pair21.bmp,gyh_R1
rawdata/data/butieping/gyh_R1/Rgd1245/gyh_R1_pair22.bmp,gyh_R1
rawdata/data/butieping/gyh_R1/Rgd1245/gyh_R1_pair23.bmp,gyh_R1
rawdata/data/butieping/gyh_R1/Rgd1245/gyh_R1_pair24.bmp,gyh_R1
rawdata/data/butieping/gyh_R1/Rgd1245/gyh_R1_pair25.bmp,gyh_R1
rawdata/data/butieping/gyh_R1/Rgd1245/gyh_R1_pair26.bmp,gyh_R1
rawdata/data/butieping/gyh_R1/Rgd1245/gyh_R1_pair27.bmp,gyh_R1
rawdata/data/butieping/gyh_R1/Rgd1245/gyh_R1_pair28.bmp,gyh_R1
rawdata/data/butieping/gyh_R1/Rgd1245/gyh_R1_pair29.bmp,gyh_R1
rawdata/data/butieping/gyh_R1/Rgd1245/gyh_R1_pair3.bmp,gyh_R1
rawdata/data/butieping/gyh_R1/Rgd1245/gyh_R1_pair30.bmp,gyh_R1
rawdata/data/butieping/gyh_R1/Rgd1245/gyh_R1_pair31.bmp,gyh_R1
rawdata/data/butieping/gyh_R1/Rgd1245/gyh_R1_pair32.bmp,gyh_R1
rawdata/data/butieping/gyh_R1/Rgd1245/gyh_R1_pair33.bmp,gyh_R1
rawdata/data/butieping/gyh_R1/Rgd1245/gyh_R1_pair34.bmp,gyh_R1
rawdata/data/butieping/gyh_R1/Rgd1245/gyh_R1_pair35.bmp,gyh_R1
rawdata/data/butieping/gyh_R1/Rgd1245/gyh_R1_pair36.bmp,gyh_R1
rawdata/data/butieping/gyh_R1/Rgd1245/gyh_R1_pair37.bmp,gyh_R1
rawdata/data/butieping/gyh_R1/Rgd1245/gyh_R1_pair38.bmp,gyh_R1
rawdata/data/butieping/gyh_R1/Rgd1245/gyh_R1_pair39.bmp,gyh_R1
rawdata/data/butieping/gyh_R1/Rgd1245/gyh_R1_pair4.bmp,gyh_R1
rawdata/data/butieping/gyh_R1/Rgd1245/gyh_R1_pair40.bmp,gyh_R1
rawdata/data/butieping/gyh_R1/Rgd1245/gyh_R1_pair41.bmp,gyh_R1
rawdata/data/butieping/gyh_R1/Rgd1245/gyh_R1_pair42.bmp,gyh_R1
rawdata/data/butieping/gyh_R1/Rgd1245/gyh_R1_pair43.bmp,gyh_R1
rawdata/data/butieping/gyh_R1/Rgd1245/gyh_R1_pair44.bmp,gyh_R1
rawdata/data/butieping/gyh_R1/Rgd1245/gyh_R1_pair45.bmp,gyh_R1
rawdata/data/butieping/gyh_R1/Rgd1245/gyh_R1_pair46.bmp,gyh_R1
rawdata/data/butieping/gyh_R1/Rgd1245/gyh_R1_pair47.bmp,gyh_R1
rawdata/data/butieping/gyh_R1/Rgd1245/gyh_R1_pair48.bmp,gyh_R1
rawdata/data/butieping/gyh_R1/Rgd1245/gyh_R1_pair49.bmp,gyh_R1
rawdata/data/butieping/gyh_R1/Rgd1245/gyh_R1_pair5.bmp,gyh_R1
rawdata/data/butieping/gyh_R1/Rgd1245/gyh_R1_pair50.bmp,gyh_R1
rawdata/data/butieping/gyh_R1/Rgd1245/gyh_R1_pair51.bmp,gyh_R1
rawdata/data/butieping/gyh_R1/Rgd1245/gyh_R1_pair52.bmp,gyh_R1
rawdata/data/butieping/gyh_R1/Rgd1245/gyh_R1_pair53.bmp,gyh_R1
rawdata/data/butieping/gyh_R1/Rgd1245/gyh_R1_pair54.bmp,gyh_R1
rawdata/data/butieping/gyh_R1/Rgd1245/gyh_R1_pair55.bmp,gyh_R1
rawdata/data/butieping/gyh_R1/Rgd1245/gyh_R1_pair56.bmp,gyh_R1
rawdata/data/butieping/gyh_R1/Rgd1245/gyh_R1_pair57.bmp,gyh_R1
rawdata/data/butieping/gyh_R1/Rgd1245/gyh_R1_pair58.bmp,gyh_R1
rawdata/data/butieping/gyh_R1/Rgd1245/gyh_R1_pair59.bmp,gyh_R1
rawdata/data/butieping/gyh_R1/Rgd1245/gyh_R1_pair6.bmp,gyh_R1
rawdata/data/butieping/gyh_R1/Rgd1245/gyh_R1_pair60.bmp,gyh_R1
rawdata/data/butieping/gyh_R1/Rgd1245/gyh_R1_pair61.bmp,gyh_R1
rawdata/data/butieping/gyh_R1/Rgd1245/gyh_R1_pair62.bmp,gyh_R1
rawdata/data/butieping/gyh_R1/Rgd1245/gyh_R1_pair63.bmp,gyh_R1
rawdata/data/butieping/gyh_R1/Rgd1245/gyh_R1_pair64.bmp,gyh_R1
rawdata/data/butieping/gyh_R1/Rgd1245/gyh_R1_pair65.bmp,gyh_R1
rawdata/data/butieping/gyh_R1/Rgd1245/gyh_R1_pair66.bmp,gyh_R1
rawdata/data/butieping/gyh_R1/Rgd1245/gyh_R1_pair67.bmp,gyh_R1
rawdata/data/butieping/gyh_R1/Rgd1245/gyh_R1_pair68.bmp,gyh_R1
rawdata/data/butieping/gyh_R1/Rgd1245/gyh_R1_pair69.bmp,gyh_R1
rawdata/data/butieping/gyh_R1/Rgd1245/gyh_R1_pair7.bmp,gyh_R1
rawdata/data/butieping/gyh_R1/Rgd1245/gyh_R1_pair70.bmp,gyh_R1
rawdata/data/butieping/gyh_R1/Rgd1245/gyh_R1_pair71.bmp,gyh_R1
rawdata/data/butieping/gyh_R1/Rgd1245/gyh_R1_pair72.bmp,gyh_R1
rawdata/data/butieping/gyh_R1/Rgd1245/gyh_R1_pair73.bmp,gyh_R1
rawdata/data/butieping/gyh_R1/Rgd1245/gyh_R1_pair74.bmp,gyh_R1
rawdata/data/butieping/gyh_R1/Rgd1245/gyh_R1_pair75.bmp,gyh_R1
rawdata/data/butieping/gyh_R1/Rgd1245/gyh_R1_pair76.bmp,gyh_R1
rawdata/data/butieping/gyh_R1/Rgd1245/gyh_R1_pair77.bmp,gyh_R1
rawdata/data/butieping/gyh_R1/Rgd1245/gyh_R1_pair78.bmp,gyh_R1
rawdata/data/butieping/gyh_R1/Rgd1245/gyh_R1_pair79.bmp,gyh_R1
rawdata/data/butieping/gyh_R1/Rgd1245/gyh_R1_pair8.bmp,gyh_R1
rawdata/data/butieping/gyh_R1/Rgd1245/gyh_R1_pair80.bmp,gyh_R1
rawdata/data/butieping/gyh_R1/Rgd1245/gyh_R1_pair81.bmp,gyh_R1
rawdata/data/butieping/gyh_R1/Rgd1245/gyh_R1_pair82.bmp,gyh_R1
rawdata/data/butieping/gyh_R1/Rgd1245/gyh_R1_pair83.bmp,gyh_R1
rawdata/data/butieping/gyh_R1/Rgd1245/gyh_R1_pair84.bmp,gyh_R1
rawdata/data/butieping/gyh_R1/Rgd1245/gyh_R1_pair85.bmp,gyh_R1
rawdata/data/butieping/gyh_R1/Rgd1245/gyh_R1_pair86.bmp,gyh_R1
rawdata/data/butieping/gyh_R1/Rgd1245/gyh_R1_pair87.bmp,gyh_R1
rawdata/data/butieping/gyh_R1/Rgd1245/gyh_R1_pair88.bmp,gyh_R1
rawdata/data/butieping/gyh_R1/Rgd1245/gyh_R1_pair89.bmp,gyh_R1
rawdata/data/butieping/gyh_R1/Rgd1245/gyh_R1_pair9.bmp,gyh_R1
rawdata/data/butieping/gyh_R1/Rgd1245/gyh_R1_pair90.bmp,gyh_R1
rawdata/data/butieping/gyh_R1/Rgd1245/gyh_R1_pair91.bmp,gyh_R1
rawdata/data/butieping/gyh_R1/Rgd1245/gyh_R1_pair92.bmp,gyh_R1
rawdata/data/butieping/gyh_R1/Rgd1245/gyh_R1_pair93.bmp,gyh_R1
rawdata/data/butieping/gyh_R1/Rgd1245/gyh_R1_pair94.bmp,gyh_R1
rawdata/data/butieping/gyh_R1/Rgd1245/gyh_R1_pair95.bmp,gyh_R1
rawdata/data/butieping/gyh_R1/Rgd1245/gyh_R1_pair96.bmp,gyh_R1
rawdata/data/butieping/gyh_R1/Rgd1245/gyh_R1_pair97.bmp,gyh_R1
rawdata/data/butieping/gyh_R1/Rgd1245/gyh_R1_pair98.bmp,gyh_R1
rawdata/data/butieping/gyh_R1/Rgd1245/gyh_R1_pair99.bmp,gyh_R1
rawdata/data/butieping/gyh_R2/Rgd1245/gyh_R2_pair0.bmp,gyh_R2
rawdata/data/butieping/gyh_R2/Rgd1245/gyh_R2_pair1.bmp,gyh_R2
rawdata/data/butieping/gyh_R2/Rgd1245/gyh_R2_pair10.bmp,gyh_R2
rawdata/data/butieping/gyh_R2/Rgd1245/gyh_R2_pair11.bmp,gyh_R2
rawdata/data/butieping/gyh_R2/Rgd1245/gyh_R2_pair12.bmp,gyh_R2
rawdata/data/butieping/gyh_R2/Rgd1245/gyh_R2_pair13.bmp,gyh_R2
rawdata/data/butieping/gyh_R2/Rgd1245/gyh_R2_pair14.bmp,gyh_R2
rawdata/data/butieping/gyh_R2/Rgd1245/gyh_R2_pair15.bmp,gyh_R2
rawdata/data/butieping/gyh_R2/Rgd1245/gyh_R2_pair16.bmp,gyh_R2
rawdata/data/butieping/gyh_R2/Rgd1245/gyh_R2_pair17.bmp,gyh_R2
rawdata/data/butieping/gyh_R2/Rgd1245/gyh_R2_pair18.bmp,gyh_R2
rawdata/data/butieping/gyh_R2/Rgd1245/gyh_R2_pair19.bmp,gyh_R2
rawdata/data/butieping/gyh_R2/Rgd1245/gyh_R2_pair2.bmp,gyh_R2
rawdata/data/butieping/gyh_R2/Rgd1245/gyh_R2_pair20.bmp,gyh_R2
rawdata/data/butieping/gyh_R2/Rgd1245/gyh_R2_pair21.bmp,gyh_R2
rawdata/data/butieping/gyh_R2/Rgd1245/gyh_R2_pair22.bmp,gyh_R2
rawdata/data/butieping/gyh_R2/Rgd1245/gyh_R2_pair23.bmp,gyh_R2
rawdata/data/butieping/gyh_R2/Rgd1245/gyh_R2_pair24.bmp,gyh_R2
rawdata/data/butieping/gyh_R2/Rgd1245/gyh_R2_pair25.bmp,gyh_R2
rawdata/data/butieping/gyh_R2/Rgd1245/gyh_R2_pair26.bmp,gyh_R2
rawdata/data/butieping/gyh_R2/Rgd1245/gyh_R2_pair27.bmp,gyh_R2
rawdata/data/butieping/gyh_R2/Rgd1245/gyh_R2_pair28.bmp,gyh_R2
rawdata/data/butieping/gyh_R2/Rgd1245/gyh_R2_pair29.bmp,gyh_R2
rawdata/data/butieping/gyh_R2/Rgd1245/gyh_R2_pair3.bmp,gyh_R2
rawdata/data/butieping/gyh_R2/Rgd1245/gyh_R2_pair30.bmp,gyh_R2
rawdata/data/butieping/gyh_R2/Rgd1245/gyh_R2_pair31.bmp,gyh_R2
rawdata/data/butieping/gyh_R2/Rgd1245/gyh_R2_pair32.bmp,gyh_R2
rawdata/data/butieping/gyh_R2/Rgd1245/gyh_R2_pair33.bmp,gyh_R2
rawdata/data/butieping/gyh_R2/Rgd1245/gyh_R2_pair34.bmp,gyh_R2
rawdata/data/butieping/gyh_R2/Rgd1245/gyh_R2_pair35.bmp,gyh_R2
rawdata/data/butieping/gyh_R2/Rgd1245/gyh_R2_pair36.bmp,gyh_R2
rawdata/data/butieping/gyh_R2/Rgd1245/gyh_R2_pair37.bmp,gyh_R2
rawdata/data/butieping/gyh_R2/Rgd1245/gyh_R2_pair38.bmp,gyh_R2
rawdata/data/butieping/gyh_R2/Rgd1245/gyh_R2_pair39.bmp,gyh_R2
rawdata/data/butieping/gyh_R2/Rgd1245/gyh_R2_pair4.bmp,gyh_R2
rawdata/data/butieping/gyh_R2/Rgd1245/gyh_R2_pair40.bmp,gyh_R2
rawdata/data/butieping/gyh_R2/Rgd1245/gyh_R2_pair41.bmp,gyh_R2
rawdata/data/butieping/gyh_R2/Rgd1245/gyh_R2_pair42.bmp,gyh_R2
rawdata/data/butieping/gyh_R2/Rgd1245/gyh_R2_pair43.bmp,gyh_R2
rawdata/data/butieping/gyh_R2/Rgd1245/gyh_R2_pair44.bmp,gyh_R2
rawdata/data/butieping/gyh_R2/Rgd1245/gyh_R2_pair45.bmp,gyh_R2
rawdata/data/butieping/gyh_R2/Rgd1245/gyh_R2_pair46.bmp,gyh_R2
rawdata/data/butieping/gyh_R2/Rgd1245/gyh_R2_pair47.bmp,gyh_R2
rawdata/data/butieping/gyh_R2/Rgd1245/gyh_R2_pair48.bmp,gyh_R2
rawdata/data/butieping/gyh_R2/Rgd1245/gyh_R2_pair49.bmp,gyh_R2
rawdata/data/butieping/gyh_R2/Rgd1245/gyh_R2_pair5.bmp,gyh_R2
rawdata/data/butieping/gyh_R2/Rgd1245/gyh_R2_pair50.bmp,gyh_R2
rawdata/data/butieping/gyh_R2/Rgd1245/gyh_R2_pair51.bmp,gyh_R2
rawdata/data/butieping/gyh_R2/Rgd1245/gyh_R2_pair52.bmp,gyh_R2
rawdata/data/butieping/gyh_R2/Rgd1245/gyh_R2_pair53.bmp,gyh_R2
rawdata/data/butieping/gyh_R2/Rgd1245/gyh_R2_pair54.bmp,gyh_R2
rawdata/data/butieping/gyh_R2/Rgd1245/gyh_R2_pair55.bmp,gyh_R2
rawdata/data/butieping/gyh_R2/Rgd1245/gyh_R2_pair56.bmp,gyh_R2
rawdata/data/butieping/gyh_R2/Rgd1245/gyh_R2_pair57.bmp,gyh_R2
rawdata/data/butieping/gyh_R2/Rgd1245/gyh_R2_pair58.bmp,gyh_R2
rawdata/data/butieping/gyh_R2/Rgd1245/gyh_R2_pair59.bmp,gyh_R2
rawdata/data/butieping/gyh_R2/Rgd1245/gyh_R2_pair6.bmp,gyh_R2
rawdata/data/butieping/gyh_R2/Rgd1245/gyh_R2_pair60.bmp,gyh_R2
rawdata/data/butieping/gyh_R2/Rgd1245/gyh_R2_pair61.bmp,gyh_R2
rawdata/data/butieping/gyh_R2/Rgd1245/gyh_R2_pair62.bmp,gyh_R2
rawdata/data/butieping/gyh_R2/Rgd1245/gyh_R2_pair63.bmp,gyh_R2
rawdata/data/butieping/gyh_R2/Rgd1245/gyh_R2_pair64.bmp,gyh_R2
rawdata/data/butieping/gyh_R2/Rgd1245/gyh_R2_pair65.bmp,gyh_R2
rawdata/data/butieping/gyh_R2/Rgd1245/gyh_R2_pair66.bmp,gyh_R2
rawdata/data/butieping/gyh_R2/Rgd1245/gyh_R2_pair67.bmp,gyh_R2
rawdata/data/butieping/gyh_R2/Rgd1245/gyh_R2_pair68.bmp,gyh_R2
rawdata/data/butieping/gyh_R2/Rgd1245/gyh_R2_pair69.bmp,gyh_R2
rawdata/data/butieping/gyh_R2/Rgd1245/gyh_R2_pair7.bmp,gyh_R2
rawdata/data/butieping/gyh_R2/Rgd1245/gyh_R2_pair70.bmp,gyh_R2
rawdata/data/butieping/gyh_R2/Rgd1245/gyh_R2_pair71.bmp,gyh_R2
rawdata/data/butieping/gyh_R2/Rgd1245/gyh_R2_pair72.bmp,gyh_R2
rawdata/data/butieping/gyh_R2/Rgd1245/gyh_R2_pair73.bmp,gyh_R2
rawdata/data/butieping/gyh_R2/Rgd1245/gyh_R2_pair74.bmp,gyh_R2
rawdata/data/butieping/gyh_R2/Rgd1245/gyh_R2_pair75.bmp,gyh_R2
rawdata/data/butieping/gyh_R2/Rgd1245/gyh_R2_pair76.bmp,gyh_R2
rawdata/data/butieping/gyh_R2/Rgd1245/gyh_R2_pair77.bmp,gyh_R2
rawdata/data/butieping/gyh_R2/Rgd1245/gyh_R2_pair78.bmp,gyh_R2
rawdata/data/butieping/gyh_R2/Rgd1245/gyh_R2_pair79.bmp,gyh_R2
rawdata/data/butieping/gyh_R2/Rgd1245/gyh_R2_pair8.bmp,gyh_R2
rawdata/data/butieping/gyh_R2/Rgd1245/gyh_R2_pair80.bmp,gyh_R2
rawdata/data/butieping/gyh_R2/Rgd1245/gyh_R2_pair81.bmp,gyh_R2
rawdata/data/butieping/gyh_R2/Rgd1245/gyh_R2_pair82.bmp,gyh_R2
rawdata/data/butieping/gyh_R2/Rgd1245/gyh_R2_pair83.bmp,gyh_R2
rawdata/data/butieping/gyh_R2/Rgd1245/gyh_R2_pair84.bmp,gyh_R2
rawdata/data/butieping/gyh_R2/Rgd1245/gyh_R2_pair85.bmp,gyh_R2
rawdata/data/butieping/gyh_R2/Rgd1245/gyh_R2_pair86.bmp,gyh_R2
rawdata/data/butieping/gyh_R2/Rgd1245/gyh_R2_pair87.bmp,gyh_R2
rawdata/data/butieping/gyh_R2/Rgd1245/gyh_R2_pair88.bmp,gyh_R2
rawdata/data/butieping/gyh_R2/Rgd1245/gyh_R2_pair89.bmp,gyh_R2
rawdata/data/butieping/gyh_R2/Rgd1245/gyh_R2_pair9.bmp,gyh_R2
rawdata/data/butieping/gyh_R2/Rgd1245/gyh_R2_pair90.bmp,gyh_R2
rawdata/data/butieping/gyh_R2/Rgd1245/gyh_R2_pair91.bmp,gyh_R2
rawdata/data/butieping/gyh_R2/Rgd1245/gyh_R2_pair92.bmp,gyh_R2
rawdata/data/butieping/gyh_R2/Rgd1245/gyh_R2_pair93.bmp,gyh_R2
rawdata/data/butieping/gyh_R2/Rgd1245/gyh_R2_pair94.bmp,gyh_R2
rawdata/data/butieping/gyh_R2/Rgd1245/gyh_R2_pair95.bmp,gyh_R2
rawdata/data/butieping/gyh_R2/Rgd1245/gyh_R2_pair96.bmp,gyh_R2
rawdata/data/butieping/gyh_R2/Rgd1245/gyh_R2_pair97.bmp,gyh_R2
rawdata/data/butieping/gyh_R2/Rgd1245/gyh_R2_pair98.bmp,gyh_R2
rawdata/data/butieping/gyh_R2/Rgd1245/gyh_R2_pair99.bmp,gyh_R2
rawdata/data/butieping/lwh_R0/Rgd1245/lwh_R0_pair0.bmp,lwh_R0
rawdata/data/butieping/lwh_R0/Rgd1245/lwh_R0_pair1.bmp,lwh_R0
rawdata/data/butieping/lwh_R0/Rgd1245/lwh_R0_pair10.bmp,lwh_R0
rawdata/data/butieping/lwh_R0/Rgd1245/lwh_R0_pair11.bmp,lwh_R0
rawdata/data/butieping/lwh_R0/Rgd1245/lwh_R0_pair12.bmp,lwh_R0
rawdata/data/butieping/lwh_R0/Rgd1245/lwh_R0_pair13.bmp,lwh_R0
rawdata/data/butieping/lwh_R0/Rgd1245/lwh_R0_pair14.bmp,lwh_R0
rawdata/data/butieping/lwh_R0/Rgd1245/lwh_R0_pair15.bmp,lwh_R0
rawdata/data/butieping/lwh_R0/Rgd1245/lwh_R0_pair16.bmp,lwh_R0
rawdata/data/butieping/lwh_R0/Rgd1245/lwh_R0_pair17.bmp,lwh_R0
rawdata/data/butieping/lwh_R0/Rgd1245/lwh_R0_pair18.bmp,lwh_R0
rawdata/data/butieping/lwh_R0/Rgd1245/lwh_R0_pair19.bmp,lwh_R0
rawdata/data/butieping/lwh_R0/Rgd1245/lwh_R0_pair2.bmp,lwh_R0
rawdata/data/butieping/lwh_R0/Rgd1245/lwh_R0_pair20.bmp,lwh_R0
rawdata/data/butieping/lwh_R0/Rgd1245/lwh_R0_pair21.bmp,lwh_R0
rawdata/data/butieping/lwh_R0/Rgd1245/lwh_R0_pair22.bmp,lwh_R0
rawdata/data/butieping/lwh_R0/Rgd1245/lwh_R0_pair23.bmp,lwh_R0
rawdata/data/butieping/lwh_R0/Rgd1245/lwh_R0_pair24.bmp,lwh_R0
rawdata/data/butieping/lwh_R0/Rgd1245/lwh_R0_pair25.bmp,lwh_R0
rawdata/data/butieping/lwh_R0/Rgd1245/lwh_R0_pair26.bmp,lwh_R0
rawdata/data/butieping/lwh_R0/Rgd1245/lwh_R0_pair27.bmp,lwh_R0
rawdata/data/butieping/lwh_R0/Rgd1245/lwh_R0_pair28.bmp,lwh_R0
rawdata/data/butieping/lwh_R0/Rgd1245/lwh_R0_pair29.bmp,lwh_R0
rawdata/data/butieping/lwh_R0/Rgd1245/lwh_R0_pair3.bmp,lwh_R0
rawdata/data/butieping/lwh_R0/Rgd1245/lwh_R0_pair30.bmp,lwh_R0
rawdata/data/butieping/lwh_R0/Rgd1245/lwh_R0_pair31.bmp,lwh_R0
rawdata/data/butieping/lwh_R0/Rgd1245/lwh_R0_pair32.bmp,lwh_R0
rawdata/data/butieping/lwh_R0/Rgd1245/lwh_R0_pair33.bmp,lwh_R0
rawdata/data/butieping/lwh_R0/Rgd1245/lwh_R0_pair34.bmp,lwh_R0
rawdata/data/butieping/lwh_R0/Rgd1245/lwh_R0_pair35.bmp,lwh_R0
rawdata/data/butieping/lwh_R0/Rgd1245/lwh_R0_pair36.bmp,lwh_R0
rawdata/data/butieping/lwh_R0/Rgd1245/lwh_R0_pair37.bmp,lwh_R0
rawdata/data/butieping/lwh_R0/Rgd1245/lwh_R0_pair38.bmp,lwh_R0
rawdata/data/butieping/lwh_R0/Rgd1245/lwh_R0_pair39.bmp,lwh_R0
rawdata/data/butieping/lwh_R0/Rgd1245/lwh_R0_pair4.bmp,lwh_R0
rawdata/data/butieping/lwh_R0/Rgd1245/lwh_R0_pair40.bmp,lwh_R0
rawdata/data/butieping/lwh_R0/Rgd1245/lwh_R0_pair41.bmp,lwh_R0
rawdata/data/butieping/lwh_R0/Rgd1245/lwh_R0_pair42.bmp,lwh_R0
rawdata/data/butieping/lwh_R0/Rgd1245/lwh_R0_pair43.bmp,lwh_R0
rawdata/data/butieping/lwh_R0/Rgd1245/lwh_R0_pair44.bmp,lwh_R0
rawdata/data/butieping/lwh_R0/Rgd1245/lwh_R0_pair45.bmp,lwh_R0
rawdata/data/butieping/lwh_R0/Rgd1245/lwh_R0_pair46.bmp,lwh_R0
rawdata/data/butieping/lwh_R0/Rgd1245/lwh_R0_pair47.bmp,lwh_R0
rawdata/data/butieping/lwh_R0/Rgd1245/lwh_R0_pair48.bmp,lwh_R0
rawdata/data/butieping/lwh_R0/Rgd1245/lwh_R0_pair49.bmp,lwh_R0
rawdata/data/butieping/lwh_R0/Rgd1245/lwh_R0_pair5.bmp,lwh_R0
rawdata/data/butieping/lwh_R0/Rgd1245/lwh_R0_pair50.bmp,lwh_R0
rawdata/data/butieping/lwh_R0/Rgd1245/lwh_R0_pair51.bmp,lwh_R0
rawdata/data/butieping/lwh_R0/Rgd1245/lwh_R0_pair52.bmp,lwh_R0
rawdata/data/butieping/lwh_R0/Rgd1245/lwh_R0_pair53.bmp,lwh_R0
rawdata/data/butieping/lwh_R0/Rgd1245/lwh_R0_pair54.bmp,lwh_R0
rawdata/data/butieping/lwh_R0/Rgd1245/lwh_R0_pair55.bmp,lwh_R0
rawdata/data/butieping/lwh_R0/Rgd1245/lwh_R0_pair56.bmp,lwh_R0
rawdata/data/butieping/lwh_R0/Rgd1245/lwh_R0_pair57.bmp,lwh_R0
rawdata/data/butieping/lwh_R0/Rgd1245/lwh_R0_pair58.bmp,lwh_R0
rawdata/data/butieping/lwh_R0/Rgd1245/lwh_R0_pair59.bmp,lwh_R0
rawdata/data/butieping/lwh_R0/Rgd1245/lwh_R0_pair6.bmp,lwh_R0
rawdata/data/butieping/lwh_R0/Rgd1245/lwh_R0_pair60.bmp,lwh_R0
rawdata/data/butieping/lwh_R0/Rgd1245/lwh_R0_pair61.bmp,lwh_R0
rawdata/data/butieping/lwh_R0/Rgd1245/lwh_R0_pair62.bmp,lwh_R0
rawdata/data/butieping/lwh_R0/Rgd1245/lwh_R0_pair63.bmp,lwh_R0
rawdata/data/butieping/lwh_R0/Rgd1245/lwh_R0_pair64.bmp,lwh_R0
rawdata/data/butieping/lwh_R0/Rgd1245/lwh_R0_pair65.bmp,lwh_R0
rawdata/data/butieping/lwh_R0/Rgd1245/lwh_R0_pair66.bmp,lwh_R0
rawdata/data/butieping/lwh_R0/Rgd1245/lwh_R0_pair67.bmp,lwh_R0
rawdata/data/butieping/lwh_R0/Rgd1245/lwh_R0_pair68.bmp,lwh_R0
rawdata/data/butieping/lwh_R0/Rgd1245/lwh_R0_pair69.bmp,lwh_R0
rawdata/data/butieping/lwh_R0/Rgd1245/lwh_R0_pair7.bmp,lwh_R0
rawdata/data/butieping/lwh_R0/Rgd1245/lwh_R0_pair70.bmp,lwh_R0
rawdata/data/butieping/lwh_R0/Rgd1245/lwh_R0_pair71.bmp,lwh_R0
rawdata/data/butieping/lwh_R0/Rgd1245/lwh_R0_pair72.bmp,lwh_R0
rawdata/data/butieping/lwh_R0/Rgd1245/lwh_R0_pair73.bmp,lwh_R0
rawdata/data/butieping/lwh_R0/Rgd1245/lwh_R0_pair74.bmp,lwh_R0
rawdata/data/butieping/lwh_R0/Rgd1245/lwh_R0_pair75.bmp,lwh_R0
rawdata/data/butieping/lwh_R0/Rgd1245/lwh_R0_pair76.bmp,lwh_R0
rawdata/data/butieping/lwh_R0/Rgd1245/lwh_R0_pair77.bmp,lwh_R0
rawdata/data/butieping/lwh_R0/Rgd1245/lwh_R0_pair78.bmp,lwh_R0
rawdata/data/butieping/lwh_R0/Rgd1245/lwh_R0_pair79.bmp,lwh_R0
rawdata/data/butieping/lwh_R0/Rgd1245/lwh_R0_pair8.bmp,lwh_R0
rawdata/data/butieping/lwh_R0/Rgd1245/lwh_R0_pair80.bmp,lwh_R0
rawdata/data/butieping/lwh_R0/Rgd1245/lwh_R0_pair81.bmp,lwh_R0
rawdata/data/butieping/lwh_R0/Rgd1245/lwh_R0_pair82.bmp,lwh_R0
rawdata/data/butieping/lwh_R0/Rgd1245/lwh_R0_pair83.bmp,lwh_R0
rawdata/data/butieping/lwh_R0/Rgd1245/lwh_R0_pair84.bmp,lwh_R0
rawdata/data/butieping/lwh_R0/Rgd1245/lwh_R0_pair85.bmp,lwh_R0
rawdata/data/butieping/lwh_R0/Rgd1245/lwh_R0_pair86.bmp,lwh_R0
rawdata/data/butieping/lwh_R0/Rgd1245/lwh_R0_pair87.bmp,lwh_R0
rawdata/data/butieping/lwh_R0/Rgd1245/lwh_R0_pair88.bmp,lwh_R0
rawdata/data/butieping/lwh_R0/Rgd1245/lwh_R0_pair89.bmp,lwh_R0
rawdata/data/butieping/lwh_R0/Rgd1245/lwh_R0_pair9.bmp,lwh_R0
rawdata/data/butieping/lwh_R0/Rgd1245/lwh_R0_pair90.bmp,lwh_R0
rawdata/data/butieping/lwh_R0/Rgd1245/lwh_R0_pair91.bmp,lwh_R0
rawdata/data/butieping/lwh_R0/Rgd1245/lwh_R0_pair92.bmp,lwh_R0
rawdata/data/butieping/lwh_R0/Rgd1245/lwh_R0_pair93.bmp,lwh_R0
rawdata/data/butieping/lwh_R0/Rgd1245/lwh_R0_pair94.bmp,lwh_R0
rawdata/data/butieping/lwh_R0/Rgd1245/lwh_R0_pair95.bmp,lwh_R0
rawdata/data/butieping/lwh_R0/Rgd1245/lwh_R0_pair96.bmp,lwh_R0
rawdata/data/butieping/lwh_R0/Rgd1245/lwh_R0_pair97.bmp,lwh_R0
rawdata/data/butieping/lwh_R0/Rgd1245/lwh_R0_pair98.bmp,lwh_R0
rawdata/data/butieping/lwh_R0/Rgd1245/lwh_R0_pair99.bmp,lwh_R0
rawdata/data/butieping/lwh_R1/Rgd1245/lwh_R1_pair0.bmp,lwh_R1
rawdata/data/butieping/lwh_R1/Rgd1245/lwh_R1_pair1.bmp,lwh_R1
rawdata/data/butieping/lwh_R1/Rgd1245/lwh_R1_pair10.bmp,lwh_R1
rawdata/data/butieping/lwh_R1/Rgd1245/lwh_R1_pair11.bmp,lwh_R1
rawdata/data/butieping/lwh_R1/Rgd1245/lwh_R1_pair12.bmp,lwh_R1
rawdata/data/butieping/lwh_R1/Rgd1245/lwh_R1_pair13.bmp,lwh_R1
rawdata/data/butieping/lwh_R1/Rgd1245/lwh_R1_pair14.bmp,lwh_R1
rawdata/data/butieping/lwh_R1/Rgd1245/lwh_R1_pair15.bmp,lwh_R1
rawdata/data/butieping/lwh_R1/Rgd1245/lwh_R1_pair16.bmp,lwh_R1
rawdata/data/butieping/lwh_R1/Rgd1245/lwh_R1_pair17.bmp,lwh_R1
rawdata/data/butieping/lwh_R1/Rgd1245/lwh_R1_pair18.bmp,lwh_R1
rawdata/data/butieping/lwh_R1/Rgd1245/lwh_R1_pair19.bmp,lwh_R1
rawdata/data/butieping/lwh_R1/Rgd1245/lwh_R1_pair2.bmp,lwh_R1
rawdata/data/butieping/lwh_R1/Rgd1245/lwh_R1_pair20.bmp,lwh_R1
rawdata/data/butieping/lwh_R1/Rgd1245/lwh_R1_pair21.bmp,lwh_R1
rawdata/data/butieping/lwh_R1/Rgd1245/lwh_R1_pair22.bmp,lwh_R1
rawdata/data/butieping/lwh_R1/Rgd1245/lwh_R1_pair23.bmp,lwh_R1
rawdata/data/butieping/lwh_R1/Rgd1245/lwh_R1_pair24.bmp,lwh_R1
rawdata/data/butieping/lwh_R1/Rgd1245/lwh_R1_pair25.bmp,lwh_R1
rawdata/data/butieping/lwh_R1/Rgd1245/lwh_R1_pair26.bmp,lwh_R1
rawdata/data/butieping/lwh_R1/Rgd1245/lwh_R1_pair27.bmp,lwh_R1
rawdata/data/butieping/lwh_R1/Rgd1245/lwh_R1_pair28.bmp,lwh_R1
rawdata/data/butieping/lwh_R1/Rgd1245/lwh_R1_pair29.bmp,lwh_R1
rawdata/data/butieping/lwh_R1/Rgd1245/lwh_R1_pair3.bmp,lwh_R1
rawdata/data/butieping/lwh_R1/Rgd1245/lwh_R1_pair30.bmp,lwh_R1
rawdata/data/butieping/lwh_R1/Rgd1245/lwh_R1_pair31.bmp,lwh_R1
rawdata/data/butieping/lwh_R1/Rgd1245/lwh_R1_pair32.bmp,lwh_R1
rawdata/data/butieping/lwh_R1/Rgd1245/lwh_R1_pair33.bmp,lwh_R1
rawdata/data/butieping/lwh_R1/Rgd1245/lwh_R1_pair34.bmp,lwh_R1
rawdata/data/butieping/lwh_R1/Rgd1245/lwh_R1_pair35.bmp,lwh_R1
rawdata/data/butieping/lwh_R1/Rgd1245/lwh_R1_pair36.bmp,lwh_R1
rawdata/data/butieping/lwh_R1/Rgd1245/lwh_R1_pair37.bmp,lwh_R1
rawdata/data/butieping/lwh_R1/Rgd1245/lwh_R1_pair38.bmp,lwh_R1
rawdata/data/butieping/lwh_R1/Rgd1245/lwh_R1_pair39.bmp,lwh_R1
rawdata/data/butieping/lwh_R1/Rgd1245/lwh_R1_pair4.bmp,lwh_R1
rawdata/data/butieping/lwh_R1/Rgd1245/lwh_R1_pair40.bmp,lwh_R1
rawdata/data/butieping/lwh_R1/Rgd1245/lwh_R1_pair41.bmp,lwh_R1
rawdata/data/butieping/lwh_R1/Rgd1245/lwh_R1_pair42.bmp,lwh_R1
rawdata/data/butieping/lwh_R1/Rgd1245/lwh_R1_pair43.bmp,lwh_R1
rawdata/data/butieping/lwh_R1/Rgd1245/lwh_R1_pair44.bmp,lwh_R1
rawdata/data/butieping/lwh_R1/Rgd1245/lwh_R1_pair45.bmp,lwh_R1
rawdata/data/butieping/lwh_R1/Rgd1245/lwh_R1_pair46.bmp,lwh_R1
rawdata/data/butieping/lwh_R1/Rgd1245/lwh_R1_pair47.bmp,lwh_R1
rawdata/data/butieping/lwh_R1/Rgd1245/lwh_R1_pair48.bmp,lwh_R1
rawdata/data/butieping/lwh_R1/Rgd1245/lwh_R1_pair49.bmp,lwh_R1
rawdata/data/butieping/lwh_R1/Rgd1245/lwh_R1_pair5.bmp,lwh_R1
rawdata/data/butieping/lwh_R1/Rgd1245/lwh_R1_pair50.bmp,lwh_R1
rawdata/data/butieping/lwh_R1/Rgd1245/lwh_R1_pair51.bmp,lwh_R1
rawdata/data/butieping/lwh_R1/Rgd1245/lwh_R1_pair52.bmp,lwh_R1
rawdata/data/butieping/lwh_R1/Rgd1245/lwh_R1_pair53.bmp,lwh_R1
rawdata/data/butieping/lwh_R1/Rgd1245/lwh_R1_pair54.bmp,lwh_R1
rawdata/data/butieping/lwh_R1/Rgd1245/lwh_R1_pair55.bmp,lwh_R1
rawdata/data/butieping/lwh_R1/Rgd1245/lwh_R1_pair56.bmp,lwh_R1
rawdata/data/butieping/lwh_R1/Rgd1245/lwh_R1_pair57.bmp,lwh_R1
rawdata/data/butieping/lwh_R1/Rgd1245/lwh_R1_pair58.bmp,lwh_R1
rawdata/data/butieping/lwh_R1/Rgd1245/lwh_R1_pair59.bmp,lwh_R1
rawdata/data/butieping/lwh_R1/Rgd1245/lwh_R1_pair6.bmp,lwh_R1
rawdata/data/butieping/lwh_R1/Rgd1245/lwh_R1_pair60.bmp,lwh_R1
rawdata/data/butieping/lwh_R1/Rgd1245/lwh_R1_pair61.bmp,lwh_R1
rawdata/data/butieping/lwh_R1/Rgd1245/lwh_R1_pair62.bmp,lwh_R1
rawdata/data/butieping/lwh_R1/Rgd1245/lwh_R1_pair63.bmp,lwh_R1
rawdata/data/butieping/lwh_R1/Rgd1245/lwh_R1_pair64.bmp,lwh_R1
rawdata/data/butieping/lwh_R1/Rgd1245/lwh_R1_pair65.bmp,lwh_R1
rawdata/data/butieping/lwh_R1/Rgd1245/lwh_R1_pair66.bmp,lwh_R1
rawdata/data/butieping/lwh_R1/Rgd1245/lwh_R1_pair67.bmp,lwh_R1
rawdata/data/butieping/lwh_R1/Rgd1245/lwh_R1_pair68.bmp,lwh_R1
rawdata/data/butieping/lwh_R1/Rgd1245/lwh_R1_pair69.bmp,lwh_R1
rawdata/data/butieping/lwh_R1/Rgd1245/lwh_R1_pair7.bmp,lwh_R1
rawdata/data/butieping/lwh_R1/Rgd1245/lwh_R1_pair70.bmp,lwh_R1
rawdata/data/butieping/lwh_R1/Rgd1245/lwh_R1_pair71.bmp,lwh_R1
rawdata/data/butieping/lwh_R1/Rgd1245/lwh_R1_pair72.bmp,lwh_R1
rawdata/data/butieping/lwh_R1/Rgd1245/lwh_R1_pair73.bmp,lwh_R1
rawdata/data/butieping/lwh_R1/Rgd1245/lwh_R1_pair74.bmp,lwh_R1
rawdata/data/butieping/lwh_R1/Rgd1245/lwh_R1_pair75.bmp,lwh_R1
rawdata/data/butieping/lwh_R1/Rgd1245/lwh_R1_pair76.bmp,lwh_R1
rawdata/data/butieping/lwh_R1/Rgd1245/lwh_R1_pair77.bmp,lwh_R1
rawdata/data/butieping/lwh_R1/Rgd1245/lwh_R1_pair78.bmp,lwh_R1
rawdata/data/butieping/lwh_R1/Rgd1245/lwh_R1_pair79.bmp,lwh_R1
rawdata/data/butieping/lwh_R1/Rgd1245/lwh_R1_pair8.bmp,lwh_R1
rawdata/data/butieping/lwh_R1/Rgd1245/lwh_R1_pair80.bmp,lwh_R1
rawdata/data/butieping/lwh_R1/Rgd1245/lwh_R1_pair81.bmp,lwh_R1
rawdata/data/butieping/lwh_R1/Rgd1245/lwh_R1_pair82.bmp,lwh_R1
rawdata/data/butieping/lwh_R1/Rgd1245/lwh_R1_pair83.bmp,lwh_R1
rawdata/data/butieping/lwh_R1/Rgd1245/lwh_R1_pair84.bmp,lwh_R1
rawdata/data/butieping/lwh_R1/Rgd1245/lwh_R1_pair85.bmp,lwh_R1
rawdata/data/butieping/lwh_R1/Rgd1245/lwh_R1_pair86.bmp,lwh_R1
rawdata/data/butieping/lwh_R1/Rgd1245/lwh_R1_pair87.bmp,lwh_R1
rawdata/data/butieping/lwh_R1/Rgd1245/lwh_R1_pair88.bmp,lwh_R1
rawdata/data/butieping/lwh_R1/Rgd1245/lwh_R1_pair89.bmp,lwh_R1
rawdata/data/butieping/lwh_R1/Rgd1245/lwh_R1_pair9.bmp,lwh_R1
rawdata/data/butieping/lwh_R1/Rgd1245/lwh_R1_pair90.bmp,lwh_R1
rawdata/data/butieping/lwh_R1/Rgd1245/lwh_R1_pair91.bmp,lwh_R1
rawdata/data/butieping/lwh_R1/Rgd1245/lwh_R1_pair92.bmp,lwh_R1
rawdata/data/butieping/lwh_R1/Rgd1245/lwh_R1_pair93.bmp,lwh_R1
rawdata/data/butieping/lwh_R1/Rgd1245/lwh_R1_pair94.bmp,lwh_R1
rawdata/data/butieping/lwh_R1/Rgd1245/lwh_R1_pair95.bmp,lwh_R1
rawdata/data/butieping/lwh_R1/Rgd1245/lwh_R1_pair96.bmp,lwh_R1
rawdata/data/butieping/lwh_R1/Rgd1245/lwh_R1_pair97.bmp,lwh_R1
rawdata/data/butieping/lwh_R1/Rgd1245/lwh_R1_pair98.bmp,lwh_R1
rawdata/data/butieping/lwh_R1/Rgd1245/lwh_R1_pair99.bmp,lwh_R1
rawdata/data/butieping/lwh_R2/Rgd1245/lwh_R2_pair0.bmp,lwh_R2
rawdata/data/butieping/lwh_R2/Rgd1245/lwh_R2_pair1.bmp,lwh_R2
rawdata/data/butieping/lwh_R2/Rgd1245/lwh_R2_pair10.bmp,lwh_R2
rawdata/data/butieping/lwh_R2/Rgd1245/lwh_R2_pair11.bmp,lwh_R2
rawdata/data/butieping/lwh_R2/Rgd1245/lwh_R2_pair12.bmp,lwh_R2
rawdata/data/butieping/lwh_R2/Rgd1245/lwh_R2_pair13.bmp,lwh_R2
rawdata/data/butieping/lwh_R2/Rgd1245/lwh_R2_pair14.bmp,lwh_R2
rawdata/data/butieping/lwh_R2/Rgd1245/lwh_R2_pair15.bmp,lwh_R2
rawdata/data/butieping/lwh_R2/Rgd1245/lwh_R2_pair16.bmp,lwh_R2
rawdata/data/butieping/lwh_R2/Rgd1245/lwh_R2_pair17.bmp,lwh_R2
rawdata/data/butieping/lwh_R2/Rgd1245/lwh_R2_pair18.bmp,lwh_R2
rawdata/data/butieping/lwh_R2/Rgd1245/lwh_R2_pair19.bmp,lwh_R2
rawdata/data/butieping/lwh_R2/Rgd1245/lwh_R2_pair2.bmp,lwh_R2
rawdata/data/butieping/lwh_R2/Rgd1245/lwh_R2_pair20.bmp,lwh_R2
rawdata/data/butieping/lwh_R2/Rgd1245/lwh_R2_pair21.bmp,lwh_R2
rawdata/data/butieping/lwh_R2/Rgd1245/lwh_R2_pair22.bmp,lwh_R2
rawdata/data/butieping/lwh_R2/Rgd1245/lwh_R2_pair23.bmp,lwh_R2
rawdata/data/butieping/lwh_R2/Rgd1245/lwh_R2_pair24.bmp,lwh_R2
rawdata/data/butieping/lwh_R2/Rgd1245/lwh_R2_pair25.bmp,lwh_R2
rawdata/data/butieping/lwh_R2/Rgd1245/lwh_R2_pair26.bmp,lwh_R2
rawdata/data/butieping/lwh_R2/Rgd1245/lwh_R2_pair27.bmp,lwh_R2
rawdata/data/butieping/lwh_R2/Rgd1245/lwh_R2_pair28.bmp,lwh_R2
rawdata/data/butieping/lwh_R2/Rgd1245/lwh_R2_pair29.bmp,lwh_R2
rawdata/data/butieping/lwh_R2/Rgd1245/lwh_R2_pair3.bmp,lwh_R2
rawdata/data/butieping/lwh_R2/Rgd1245/lwh_R2_pair30.bmp,lwh_R2
rawdata/data/butieping/lwh_R2/Rgd1245/lwh_R2_pair31.bmp,lwh_R2
rawdata/data/butieping/lwh_R2/Rgd1245/lwh_R2_pair32.bmp,lwh_R2
rawdata/data/butieping/lwh_R2/Rgd1245/lwh_R2_pair33.bmp,lwh_R2
rawdata/data/butieping/lwh_R2/Rgd1245/lwh_R2_pair34.bmp,lwh_R2
rawdata/data/butieping/lwh_R2/Rgd1245/lwh_R2_pair35.bmp,lwh_R2
rawdata/data/butieping/lwh_R2/Rgd1245/lwh_R2_pair36.bmp,lwh_R2
rawdata/data/butieping/lwh_R2/Rgd1245/lwh_R2_pair37.bmp,lwh_R2
rawdata/data/butieping/lwh_R2/Rgd1245/lwh_R2_pair38.bmp,lwh_R2
rawdata/data/butieping/lwh_R2/Rgd1245/lwh_R2_pair39.bmp,lwh_R2
rawdata/data/butieping/lwh_R2/Rgd1245/lwh_R2_pair4.bmp,lwh_R2
rawdata/data/butieping/lwh_R2/Rgd1245/lwh_R2_pair40.bmp,lwh_R2
rawdata/data/butieping/lwh_R2/Rgd1245/lwh_R2_pair41.bmp,lwh_R2
rawdata/data/butieping/lwh_R2/Rgd1245/lwh_R2_pair42.bmp,lwh_R2
rawdata/data/butieping/lwh_R2/Rgd1245/lwh_R2_pair43.bmp,lwh_R2
rawdata/data/butieping/lwh_R2/Rgd1245/lwh_R2_pair44.bmp,lwh_R2
rawdata/data/butieping/lwh_R2/Rgd1245/lwh_R2_pair45.bmp,lwh_R2
rawdata/data/butieping/lwh_R2/Rgd1245/lwh_R2_pair46.bmp,lwh_R2
rawdata/data/butieping/lwh_R2/Rgd1245/lwh_R2_pair47.bmp,lwh_R2
rawdata/data/butieping/lwh_R2/Rgd1245/lwh_R2_pair48.bmp,lwh_R2
rawdata/data/butieping/lwh_R2/Rgd1245/lwh_R2_pair49.bmp,lwh_R2
rawdata/data/butieping/lwh_R2/Rgd1245/lwh_R2_pair5.bmp,lwh_R2
rawdata/data/butieping/lwh_R2/Rgd1245/lwh_R2_pair50.bmp,lwh_R2
rawdata/data/butieping/lwh_R2/Rgd1245/lwh_R2_pair51.bmp,lwh_R2
rawdata/data/butieping/lwh_R2/Rgd1245/lwh_R2_pair52.bmp,lwh_R2
rawdata/data/butieping/lwh_R2/Rgd1245/lwh_R2_pair53.bmp,lwh_R2
rawdata/data/butieping/lwh_R2/Rgd1245/lwh_R2_pair54.bmp,lwh_R2
rawdata/data/butieping/lwh_R2/Rgd1245/lwh_R2_pair55.bmp,lwh_R2
rawdata/data/butieping/lwh_R2/Rgd1245/lwh_R2_pair56.bmp,lwh_R2
rawdata/data/butieping/lwh_R2/Rgd1245/lwh_R2_pair57.bmp,lwh_R2
rawdata/data/butieping/lwh_R2/Rgd1245/lwh_R2_pair58.bmp,lwh_R2
rawdata/data/butieping/lwh_R2/Rgd1245/lwh_R2_pair59.bmp,lwh_R2
rawdata/data/butieping/lwh_R2/Rgd1245/lwh_R2_pair6.bmp,lwh_R2
rawdata/data/butieping/lwh_R2/Rgd1245/lwh_R2_pair60.bmp,lwh_R2
rawdata/data/butieping/lwh_R2/Rgd1245/lwh_R2_pair61.bmp,lwh_R2
rawdata/data/butieping/lwh_R2/Rgd1245/lwh_R2_pair62.bmp,lwh_R2
rawdata/data/butieping/lwh_R2/Rgd1245/lwh_R2_pair63.bmp,lwh_R2
rawdata/data/butieping/lwh_R2/Rgd1245/lwh_R2_pair64.bmp,lwh_R2
rawdata/data/butieping/lwh_R2/Rgd1245/lwh_R2_pair65.bmp,lwh_R2
rawdata/data/butieping/lwh_R2/Rgd1245/lwh_R2_pair66.bmp,lwh_R2
rawdata/data/butieping/lwh_R2/Rgd1245/lwh_R2_pair67.bmp,lwh_R2
rawdata/data/butieping/lwh_R2/Rgd1245/lwh_R2_pair68.bmp,lwh_R2
rawdata/data/butieping/lwh_R2/Rgd1245/lwh_R2_pair69.bmp,lwh_R2
rawdata/data/butieping/lwh_R2/Rgd1245/lwh_R2_pair7.bmp,lwh_R2
rawdata/data/butieping/lwh_R2/Rgd1245/lwh_R2_pair70.bmp,lwh_R2
rawdata/data/butieping/lwh_R2/Rgd1245/lwh_R2_pair71.bmp,lwh_R2
rawdata/data/butieping/lwh_R2/Rgd1245/lwh_R2_pair72.bmp,lwh_R2
rawdata/data/butieping/lwh_R2/Rgd1245/lwh_R2_pair73.bmp,lwh_R2
rawdata/data/butieping/lwh_R2/Rgd1245/lwh_R2_pair74.bmp,lwh_R2
rawdata/data/butieping/lwh_R2/Rgd1245/lwh_R2_pair75.bmp,lwh_R2
rawdata/data/butieping/lwh_R2/Rgd1245/lwh_R2_pair76.bmp,lwh_R2
rawdata/data/butieping/lwh_R2/Rgd1245/lwh_R2_pair77.bmp,lwh_R2
rawdata/data/butieping/lwh_R2/Rgd1245/lwh_R2_pair78.bmp,lwh_R2
rawdata/data/butieping/lwh_R2/Rgd1245/lwh_R2_pair79.bmp,lwh_R2
rawdata/data/butieping/lwh_R2/Rgd1245/lwh_R2_pair8.bmp,lwh_R2
rawdata/data/butieping/lwh_R2/Rgd1245/lwh_R2_pair80.bmp,lwh_R2
rawdata/data/butieping/lwh_R2/Rgd1245/lwh_R2_pair81.bmp,lwh_R2
rawdata/data/butieping/lwh_R2/Rgd1245/lwh_R2_pair82.bmp,lwh_R2
rawdata/data/butieping/lwh_R2/Rgd1245/lwh_R2_pair83.bmp,lwh_R2
rawdata/data/butieping/lwh_R2/Rgd1245/lwh_R2_pair84.bmp,lwh_R2
rawdata/data/butieping/lwh_R2/Rgd1245/lwh_R2_pair85.bmp,lwh_R2
rawdata/data/butieping/lwh_R2/Rgd1245/lwh_R2_pair86.bmp,lwh_R2
rawdata/data/butieping/lwh_R2/Rgd1245/lwh_R2_pair87.bmp,lwh_R2
rawdata/data/butieping/lwh_R2/Rgd1245/lwh_R2_pair88.bmp,lwh_R2
rawdata/data/butieping/lwh_R2/Rgd1245/lwh_R2_pair89.bmp,lwh_R2
rawdata/data/butieping/lwh_R2/Rgd1245/lwh_R2_pair9.bmp,lwh_R2
rawdata/data/butieping/lwh_R2/Rgd1245/lwh_R2_pair90.bmp,lwh_R2
rawdata/data/butieping/lwh_R2/Rgd1245/lwh_R2_pair91.bmp,lwh_R2
rawdata/data/butieping/lwh_R2/Rgd1245/lwh_R2_pair92.bmp,lwh_R2
rawdata/data/butieping/lwh_R2/Rgd1245/lwh_R2_pair93.bmp,lwh_R2
rawdata/data/butieping/lwh_R2/Rgd1245/lwh_R2_pair94.bmp,lwh_R2
rawdata/data/butieping/lwh_R2/Rgd1245/lwh_R2_pair95.bmp,lwh_R2
rawdata/data/butieping/lwh_R2/Rgd1245/lwh_R2_pair96.bmp,lwh_R2
rawdata/data/butieping/lwh_R2/Rgd1245/lwh_R2_pair97.bmp,lwh_R2
rawdata/data/butieping/lwh_R2/Rgd1245/lwh_R2_pair98.bmp,lwh_R2
rawdata/data/butieping/lwh_R2/Rgd1245/lwh_R2_pair99.bmp,lwh_R2
rawdata/data/butieping/ssh_R0/Rgd1237/ssh_R0_pair0.bmp,ssh_R0
rawdata/data/butieping/ssh_R0/Rgd1237/ssh_R0_pair1.bmp,ssh_R0
rawdata/data/butieping/ssh_R0/Rgd1237/ssh_R0_pair10.bmp,ssh_R0
rawdata/data/butieping/ssh_R0/Rgd1237/ssh_R0_pair11.bmp,ssh_R0
rawdata/data/butieping/ssh_R0/Rgd1237/ssh_R0_pair12.bmp,ssh_R0
rawdata/data/butieping/ssh_R0/Rgd1237/ssh_R0_pair13.bmp,ssh_R0
rawdata/data/butieping/ssh_R0/Rgd1237/ssh_R0_pair14.bmp,ssh_R0
rawdata/data/butieping/ssh_R0/Rgd1237/ssh_R0_pair15.bmp,ssh_R0
rawdata/data/butieping/ssh_R0/Rgd1237/ssh_R0_pair16.bmp,ssh_R0
rawdata/data/butieping/ssh_R0/Rgd1237/ssh_R0_pair17.bmp,ssh_R0
rawdata/data/butieping/ssh_R0/Rgd1237/ssh_R0_pair18.bmp,ssh_R0
rawdata/data/butieping/ssh_R0/Rgd1237/ssh_R0_pair19.bmp,ssh_R0
rawdata/data/butieping/ssh_R0/Rgd1237/ssh_R0_pair2.bmp,ssh_R0
rawdata/data/butieping/ssh_R0/Rgd1237/ssh_R0_pair20.bmp,ssh_R0
rawdata/data/butieping/ssh_R0/Rgd1237/ssh_R0_pair21.bmp,ssh_R0
rawdata/data/butieping/ssh_R0/Rgd1237/ssh_R0_pair22.bmp,ssh_R0
rawdata/data/butieping/ssh_R0/Rgd1237/ssh_R0_pair23.bmp,ssh_R0
rawdata/data/butieping/ssh_R0/Rgd1237/ssh_R0_pair24.bmp,ssh_R0
rawdata/data/butieping/ssh_R0/Rgd1237/ssh_R0_pair25.bmp,ssh_R0
rawdata/data/butieping/ssh_R0/Rgd1237/ssh_R0_pair26.bmp,ssh_R0
rawdata/data/butieping/ssh_R0/Rgd1237/ssh_R0_pair27.bmp,ssh_R0
rawdata/data/butieping/ssh_R0/Rgd1237/ssh_R0_pair28.bmp,ssh_R0
rawdata/data/butieping/ssh_R0/Rgd1237/ssh_R0_pair29.bmp,ssh_R0
rawdata/data/butieping/ssh_R0/Rgd1237/ssh_R0_pair3.bmp,ssh_R0
rawdata/data/butieping/ssh_R0/Rgd1237/ssh_R0_pair30.bmp,ssh_R0
rawdata/data/butieping/ssh_R0/Rgd1237/ssh_R0_pair31.bmp,ssh_R0
rawdata/data/butieping/ssh_R0/Rgd1237/ssh_R0_pair32.bmp,ssh_R0
rawdata/data/butieping/ssh_R0/Rgd1237/ssh_R0_pair33.bmp,ssh_R0
rawdata/data/butieping/ssh_R0/Rgd1237/ssh_R0_pair34.bmp,ssh_R0
rawdata/data/butieping/ssh_R0/Rgd1237/ssh_R0_pair35.bmp,ssh_R0
rawdata/data/butieping/ssh_R0/Rgd1237/ssh_R0_pair36.bmp,ssh_R0
rawdata/data/butieping/ssh_R0/Rgd1237/ssh_R0_pair37.bmp,ssh_R0
rawdata/data/butieping/ssh_R0/Rgd1237/ssh_R0_pair38.bmp,ssh_R0
rawdata/data/butieping/ssh_R0/Rgd1237/ssh_R0_pair39.bmp,ssh_R0
rawdata/data/butieping/ssh_R0/Rgd1237/ssh_R0_pair4.bmp,ssh_R0
rawdata/data/butieping/ssh_R0/Rgd1237/ssh_R0_pair40.bmp,ssh_R0
rawdata/data/butieping/ssh_R0/Rgd1237/ssh_R0_pair41.bmp,ssh_R0
rawdata/data/butieping/ssh_R0/Rgd1237/ssh_R0_pair42.bmp,ssh_R0
rawdata/data/butieping/ssh_R0/Rgd1237/ssh_R0_pair43.bmp,ssh_R0
rawdata/data/butieping/ssh_R0/Rgd1237/ssh_R0_pair44.bmp,ssh_R0
rawdata/data/butieping/ssh_R0/Rgd1237/ssh_R0_pair45.bmp,ssh_R0
rawdata/data/butieping/ssh_R0/Rgd1237/ssh_R0_pair46.bmp,ssh_R0
rawdata/data/butieping/ssh_R0/Rgd1237/ssh_R0_pair47.bmp,ssh_R0
rawdata/data/butieping/ssh_R0/Rgd1237/ssh_R0_pair48.bmp,ssh_R0
rawdata/data/butieping/ssh_R0/Rgd1237/ssh_R0_pair49.bmp,ssh_R0
rawdata/data/butieping/ssh_R0/Rgd1237/ssh_R0_pair5.bmp,ssh_R0
rawdata/data/butieping/ssh_R0/Rgd1237/ssh_R0_pair50.bmp,ssh_R0
rawdata/data/butieping/ssh_R0/Rgd1237/ssh_R0_pair51.bmp,ssh_R0
rawdata/data/butieping/ssh_R0/Rgd1237/ssh_R0_pair52.bmp,ssh_R0
rawdata/data/butieping/ssh_R0/Rgd1237/ssh_R0_pair53.bmp,ssh_R0
rawdata/data/butieping/ssh_R0/Rgd1237/ssh_R0_pair54.bmp,ssh_R0
rawdata/data/butieping/ssh_R0/Rgd1237/ssh_R0_pair55.bmp,ssh_R0
rawdata/data/butieping/ssh_R0/Rgd1237/ssh_R0_pair56.bmp,ssh_R0
rawdata/data/butieping/ssh_R0/Rgd1237/ssh_R0_pair57.bmp,ssh_R0
rawdata/data/butieping/ssh_R0/Rgd1237/ssh_R0_pair58.bmp,ssh_R0
rawdata/data/butieping/ssh_R0/Rgd1237/ssh_R0_pair59.bmp,ssh_R0
rawdata/data/butieping/ssh_R0/Rgd1237/ssh_R0_pair6.bmp,ssh_R0
rawdata/data/butieping/ssh_R0/Rgd1237/ssh_R0_pair60.bmp,ssh_R0
rawdata/data/butieping/ssh_R0/Rgd1237/ssh_R0_pair61.bmp,ssh_R0
rawdata/data/butieping/ssh_R0/Rgd1237/ssh_R0_pair62.bmp,ssh_R0
rawdata/data/butieping/ssh_R0/Rgd1237/ssh_R0_pair63.bmp,ssh_R0
rawdata/data/butieping/ssh_R0/Rgd1237/ssh_R0_pair64.bmp,ssh_R0
rawdata/data/butieping/ssh_R0/Rgd1237/ssh_R0_pair65.bmp,ssh_R0
rawdata/data/butieping/ssh_R0/Rgd1237/ssh_R0_pair66.bmp,ssh_R0
rawdata/data/butieping/ssh_R0/Rgd1237/ssh_R0_pair67.bmp,ssh_R0
rawdata/data/butieping/ssh_R0/Rgd1237/ssh_R0_pair68.bmp,ssh_R0
rawdata/data/butieping/ssh_R0/Rgd1237/ssh_R0_pair69.bmp,ssh_R0
rawdata/data/butieping/ssh_R0/Rgd1237/ssh_R0_pair7.bmp,ssh_R0
rawdata/data/butieping/ssh_R0/Rgd1237/ssh_R0_pair70.bmp,ssh_R0
rawdata/data/butieping/ssh_R0/Rgd1237/ssh_R0_pair71.bmp,ssh_R0
rawdata/data/butieping/ssh_R0/Rgd1237/ssh_R0_pair72.bmp,ssh_R0
rawdata/data/butieping/ssh_R0/Rgd1237/ssh_R0_pair73.bmp,ssh_R0
rawdata/data/butieping/ssh_R0/Rgd1237/ssh_R0_pair74.bmp,ssh_R0
rawdata/data/butieping/ssh_R0/Rgd1237/ssh_R0_pair75.bmp,ssh_R0
rawdata/data/butieping/ssh_R0/Rgd1237/ssh_R0_pair76.bmp,ssh_R0
rawdata/data/butieping/ssh_R0/Rgd1237/ssh_R0_pair77.bmp,ssh_R0
rawdata/data/butieping/ssh_R0/Rgd1237/ssh_R0_pair78.bmp,ssh_R0
rawdata/data/butieping/ssh_R0/Rgd1237/ssh_R0_pair79.bmp,ssh_R0
rawdata/data/butieping/ssh_R0/Rgd1237/ssh_R0_pair8.bmp,ssh_R0
rawdata/data/butieping/ssh_R0/Rgd1237/ssh_R0_pair80.bmp,ssh_R0
rawdata/data/butieping/ssh_R0/Rgd1237/ssh_R0_pair81.bmp,ssh_R0
rawdata/data/butieping/ssh_R0/Rgd1237/ssh_R0_pair82.bmp,ssh_R0
rawdata/data/butieping/ssh_R0/Rgd1237/ssh_R0_pair83.bmp,ssh_R0
rawdata/data/butieping/ssh_R0/Rgd1237/ssh_R0_pair84.bmp,ssh_R0
rawdata/data/butieping/ssh_R0/Rgd1237/ssh_R0_pair85.bmp,ssh_R0
rawdata/data/butieping/ssh_R0/Rgd1237/ssh_R0_pair86.bmp,ssh_R0
rawdata/data/butieping/ssh_R0/Rgd1237/ssh_R0_pair87.bmp,ssh_R0
rawdata/data/butieping/ssh_R0/Rgd1237/ssh_R0_pair88.bmp,ssh_R0
rawdata/data/butieping/ssh_R0/Rgd1237/ssh_R0_pair89.bmp,ssh_R0
rawdata/data/butieping/ssh_R0/Rgd1237/ssh_R0_pair9.bmp,ssh_R0
rawdata/data/butieping/ssh_R0/Rgd1237/ssh_R0_pair90.bmp,ssh_R0
rawdata/data/butieping/ssh_R0/Rgd1237/ssh_R0_pair91.bmp,ssh_R0
rawdata/data/butieping/ssh_R0/Rgd1237/ssh_R0_pair92.bmp,ssh_R0
rawdata/data/butieping/ssh_R0/Rgd1237/ssh_R0_pair93.bmp,ssh_R0
rawdata/data/butieping/ssh_R0/Rgd1237/ssh_R0_pair94.bmp,ssh_R0
rawdata/data/butieping/ssh_R0/Rgd1237/ssh_R0_pair95.bmp,ssh_R0
rawdata/data/butieping/ssh_R0/Rgd1237/ssh_R0_pair96.bmp,ssh_R0
rawdata/data/butieping/ssh_R0/Rgd1237/ssh_R0_pair97.bmp,ssh_R0
rawdata/data/butieping/ssh_R0/Rgd1237/ssh_R0_pair98.bmp,ssh_R0
rawdata/data/butieping/ssh_R0/Rgd1237/ssh_R0_pair99.bmp,ssh_R0
rawdata/data/butieping/ssh_R1/Rgd1237/ssh_R1_pair0.bmp,ssh_R1
rawdata/data/butieping/ssh_R1/Rgd1237/ssh_R1_pair1.bmp,ssh_R1
rawdata/data/butieping/ssh_R1/Rgd1237/ssh_R1_pair10.bmp,ssh_R1
rawdata/data/butieping/ssh_R1/Rgd1237/ssh_R1_pair11.bmp,ssh_R1
rawdata/data/butieping/ssh_R1/Rgd1237/ssh_R1_pair12.bmp,ssh_R1
rawdata/data/butieping/ssh_R1/Rgd1237/ssh_R1_pair13.bmp,ssh_R1
rawdata/data/butieping/ssh_R1/Rgd1237/ssh_R1_pair14.bmp,ssh_R1
rawdata/data/butieping/ssh_R1/Rgd1237/ssh_R1_pair15.bmp,ssh_R1
rawdata/data/butieping/ssh_R1/Rgd1237/ssh_R1_pair16.bmp,ssh_R1
rawdata/data/butieping/ssh_R1/Rgd1237/ssh_R1_pair17.bmp,ssh_R1
rawdata/data/butieping/ssh_R1/Rgd1237/ssh_R1_pair18.bmp,ssh_R1
rawdata/data/butieping/ssh_R1/Rgd1237/ssh_R1_pair19.bmp,ssh_R1
rawdata/data/butieping/ssh_R1/Rgd1237/ssh_R1_pair2.bmp,ssh_R1
rawdata/data/butieping/ssh_R1/Rgd1237/ssh_R1_pair20.bmp,ssh_R1
rawdata/data/butieping/ssh_R1/Rgd1237/ssh_R1_pair21.bmp,ssh_R1
rawdata/data/butieping/ssh_R1/Rgd1237/ssh_R1_pair22.bmp,ssh_R1
rawdata/data/butieping/ssh_R1/Rgd1237/ssh_R1_pair23.bmp,ssh_R1
rawdata/data/butieping/ssh_R1/Rgd1237/ssh_R1_pair24.bmp,ssh_R1
rawdata/data/butieping/ssh_R1/Rgd1237/ssh_R1_pair25.bmp,ssh_R1
rawdata/data/butieping/ssh_R1/Rgd1237/ssh_R1_pair26.bmp,ssh_R1
rawdata/data/butieping/ssh_R1/Rgd1237/ssh_R1_pair27.bmp,ssh_R1
rawdata/data/butieping/ssh_R1/Rgd1237/ssh_R1_pair28.bmp,ssh_R1
rawdata/data/butieping/ssh_R1/Rgd1237/ssh_R1_pair29.bmp,ssh_R1
rawdata/data/butieping/ssh_R1/Rgd1237/ssh_R1_pair3.bmp,ssh_R1
rawdata/data/butieping/ssh_R1/Rgd1237/ssh_R1_pair30.bmp,ssh_R1
rawdata/data/butieping/ssh_R1/Rgd1237/ssh_R1_pair31.bmp,ssh_R1
rawdata/data/butieping/ssh_R1/Rgd1237/ssh_R1_pair32.bmp,ssh_R1
rawdata/data/butieping/ssh_R1/Rgd1237/ssh_R1_pair33.bmp,ssh_R1
rawdata/data/butieping/ssh_R1/Rgd1237/ssh_R1_pair34.bmp,ssh_R1
rawdata/data/butieping/ssh_R1/Rgd1237/ssh_R1_pair35.bmp,ssh_R1
rawdata/data/butieping/ssh_R1/Rgd1237/ssh_R1_pair36.bmp,ssh_R1
rawdata/data/butieping/ssh_R1/Rgd1237/ssh_R1_pair37.bmp,ssh_R1
rawdata/data/butieping/ssh_R1/Rgd1237/ssh_R1_pair38.bmp,ssh_R1
rawdata/data/butieping/ssh_R1/Rgd1237/ssh_R1_pair39.bmp,ssh_R1
rawdata/data/butieping/ssh_R1/Rgd1237/ssh_R1_pair4.bmp,ssh_R1
rawdata/data/butieping/ssh_R1/Rgd1237/ssh_R1_pair40.bmp,ssh_R1
rawdata/data/butieping/ssh_R1/Rgd1237/ssh_R1_pair41.bmp,ssh_R1
rawdata/data/butieping/ssh_R1/Rgd1237/ssh_R1_pair42.bmp,ssh_R1
rawdata/data/butieping/ssh_R1/Rgd1237/ssh_R1_pair43.bmp,ssh_R1
rawdata/data/butieping/ssh_R1/Rgd1237/ssh_R1_pair44.bmp,ssh_R1
rawdata/data/butieping/ssh_R1/Rgd1237/ssh_R1_pair45.bmp,ssh_R1
rawdata/data/butieping/ssh_R1/Rgd1237/ssh_R1_pair46.bmp,ssh_R1
rawdata/data/butieping/ssh_R1/Rgd1237/ssh_R1_pair47.bmp,ssh_R1
rawdata/data/butieping/ssh_R1/Rgd1237/ssh_R1_pair48.bmp,ssh_R1
rawdata/data/butieping/ssh_R1/Rgd1237/ssh_R1_pair49.bmp,ssh_R1
rawdata/data/butieping/ssh_R1/Rgd1237/ssh_R1_pair5.bmp,ssh_R1
rawdata/data/butieping/ssh_R1/Rgd1237/ssh_R1_pair50.bmp,ssh_R1
rawdata/data/butieping/ssh_R1/Rgd1237/ssh_R1_pair51.bmp,ssh_R1
rawdata/data/butieping/ssh_R1/Rgd1237/ssh_R1_pair52.bmp,ssh_R1
rawdata/data/butieping/ssh_R1/Rgd1237/ssh_R1_pair53.bmp,ssh_R1
rawdata/data/butieping/ssh_R1/Rgd1237/ssh_R1_pair54.bmp,ssh_R1
rawdata/data/butieping/ssh_R1/Rgd1237/ssh_R1_pair55.bmp,ssh_R1
rawdata/data/butieping/ssh_R1/Rgd1237/ssh_R1_pair56.bmp,ssh_R1
rawdata/data/butieping/ssh_R1/Rgd1237/ssh_R1_pair57.bmp,ssh_R1
rawdata/data/butieping/ssh_R1/Rgd1237/ssh_R1_pair58.bmp,ssh_R1
rawdata/data/butieping/ssh_R1/Rgd1237/ssh_R1_pair59.bmp,ssh_R1
rawdata/data/butieping/ssh_R1/Rgd1237/ssh_R1_pair6.bmp,ssh_R1
rawdata/data/butieping/ssh_R1/Rgd1237/ssh_R1_pair60.bmp,ssh_R1
rawdata/data/butieping/ssh_R1/Rgd1237/ssh_R1_pair61.bmp,ssh_R1
rawdata/data/butieping/ssh_R1/Rgd1237/ssh_R1_pair62.bmp,ssh_R1
rawdata/data/butieping/ssh_R1/Rgd1237/ssh_R1_pair63.bmp,ssh_R1
rawdata/data/butieping/ssh_R1/Rgd1237/ssh_R1_pair64.bmp,ssh_R1
rawdata/data/butieping/ssh_R1/Rgd1237/ssh_R1_pair65.bmp,ssh_R1
rawdata/data/butieping/ssh_R1/Rgd1237/ssh_R1_pair66.bmp,ssh_R1
rawdata/data/butieping/ssh_R1/Rgd1237/ssh_R1_pair67.bmp,ssh_R1
rawdata/data/butieping/ssh_R1/Rgd1237/ssh_R1_pair68.bmp,ssh_R1
rawdata/data/butieping/ssh_R1/Rgd1237/ssh_R1_pair69.bmp,ssh_R1
rawdata/data/butieping/ssh_R1/Rgd1237/ssh_R1_pair7.bmp,ssh_R1
rawdata/data/butieping/ssh_R1/Rgd1237/ssh_R1_pair70.bmp,ssh_R1
rawdata/data/butieping/ssh_R1/Rgd1237/ssh_R1_pair71.bmp,ssh_R1
rawdata/data/butieping/ssh_R1/Rgd1237/ssh_R1_pair72.bmp,ssh_R1
rawdata/data/butieping/ssh_R1/Rgd1237/ssh_R1_pair73.bmp,ssh_R1
rawdata/data/butieping/ssh_R1/Rgd1237/ssh_R1_pair74.bmp,ssh_R1
rawdata/data/butieping/ssh_R1/Rgd1237/ssh_R1_pair75.bmp,ssh_R1
rawdata/data/butieping/ssh_R1/Rgd1237/ssh_R1_pair76.bmp,ssh_R1
rawdata/data/butieping/ssh_R1/Rgd1237/ssh_R1_pair77.bmp,ssh_R1
rawdata/data/butieping/ssh_R1/Rgd1237/ssh_R1_pair78.bmp,ssh_R1
rawdata/data/butieping/ssh_R1/Rgd1237/ssh_R1_pair79.bmp,ssh_R1
rawdata/data/butieping/ssh_R1/Rgd1237/ssh_R1_pair8.bmp,ssh_R1
rawdata/data/butieping/ssh_R1/Rgd1237/ssh_R1_pair80.bmp,ssh_R1
rawdata/data/butieping/ssh_R1/Rgd1237/ssh_R1_pair81.bmp,ssh_R1
rawdata/data/butieping/ssh_R1/Rgd1237/ssh_R1_pair82.bmp,ssh_R1
rawdata/data/butieping/ssh_R1/Rgd1237/ssh_R1_pair83.bmp,ssh_R1
rawdata/data/butieping/ssh_R1/Rgd1237/ssh_R1_pair84.bmp,ssh_R1
rawdata/data/butieping/ssh_R1/Rgd1237/ssh_R1_pair85.bmp,ssh_R1
rawdata/data/butieping/ssh_R1/Rgd1237/ssh_R1_pair86.bmp,ssh_R1
rawdata/data/butieping/ssh_R1/Rgd1237/ssh_R1_pair87.bmp,ssh_R1
rawdata/data/butieping/ssh_R1/Rgd1237/ssh_R1_pair88.bmp,ssh_R1
rawdata/data/butieping/ssh_R1/Rgd1237/ssh_R1_pair89.bmp,ssh_R1
rawdata/data/butieping/ssh_R1/Rgd1237/ssh_R1_pair9.bmp,ssh_R1
rawdata/data/butieping/ssh_R1/Rgd1237/ssh_R1_pair90.bmp,ssh_R1
rawdata/data/butieping/ssh_R1/Rgd1237/ssh_R1_pair91.bmp,ssh_R1
rawdata/data/butieping/ssh_R1/Rgd1237/ssh_R1_pair92.bmp,ssh_R1
rawdata/data/butieping/ssh_R1/Rgd1237/ssh_R1_pair93.bmp,ssh_R1
rawdata/data/butieping/ssh_R1/Rgd1237/ssh_R1_pair94.bmp,ssh_R1
rawdata/data/butieping/ssh_R1/Rgd1237/ssh_R1_pair95.bmp,ssh_R1
rawdata/data/butieping/ssh_R1/Rgd1237/ssh_R1_pair96.bmp,ssh_R1
rawdata/data/butieping/ssh_R1/Rgd1237/ssh_R1_pair97.bmp,ssh_R1
rawdata/data/butieping/ssh_R1/Rgd1237/ssh_R1_pair98.bmp,ssh_R1
rawdata/data/butieping/ssh_R1/Rgd1237/ssh_R1_pair99.bmp,ssh_R1
rawdata/data/butieping/xyz_R0/Rgd1245/xyz_R0_pair0.bmp,xyz_R0
rawdata/data/butieping/xyz_R0/Rgd1245/xyz_R0_pair1.bmp,xyz_R0
rawdata/data/butieping/xyz_R0/Rgd1245/xyz_R0_pair10.bmp,xyz_R0
rawdata/data/butieping/xyz_R0/Rgd1245/xyz_R0_pair11.bmp,xyz_R0
rawdata/data/butieping/xyz_R0/Rgd1245/xyz_R0_pair12.bmp,xyz_R0
rawdata/data/butieping/xyz_R0/Rgd1245/xyz_R0_pair13.bmp,xyz_R0
rawdata/data/butieping/xyz_R0/Rgd1245/xyz_R0_pair14.bmp,xyz_R0
rawdata/data/butieping/xyz_R0/Rgd1245/xyz_R0_pair15.bmp,xyz_R0
rawdata/data/butieping/xyz_R0/Rgd1245/xyz_R0_pair16.bmp,xyz_R0
rawdata/data/butieping/xyz_R0/Rgd1245/xyz_R0_pair17.bmp,xyz_R0
rawdata/data/butieping/xyz_R0/Rgd1245/xyz_R0_pair18.bmp,xyz_R0
rawdata/data/butieping/xyz_R0/Rgd1245/xyz_R0_pair19.bmp,xyz_R0
rawdata/data/butieping/xyz_R0/Rgd1245/xyz_R0_pair2.bmp,xyz_R0
rawdata/data/butieping/xyz_R0/Rgd1245/xyz_R0_pair20.bmp,xyz_R0
rawdata/data/butieping/xyz_R0/Rgd1245/xyz_R0_pair21.bmp,xyz_R0
rawdata/data/butieping/xyz_R0/Rgd1245/xyz_R0_pair22.bmp,xyz_R0
rawdata/data/butieping/xyz_R0/Rgd1245/xyz_R0_pair23.bmp,xyz_R0
rawdata/data/butieping/xyz_R0/Rgd1245/xyz_R0_pair24.bmp,xyz_R0
rawdata/data/butieping/xyz_R0/Rgd1245/xyz_R0_pair25.bmp,xyz_R0
rawdata/data/butieping/xyz_R0/Rgd1245/xyz_R0_pair26.bmp,xyz_R0
rawdata/data/butieping/xyz_R0/Rgd1245/xyz_R0_pair27.bmp,xyz_R0
rawdata/data/butieping/xyz_R0/Rgd1245/xyz_R0_pair28.bmp,xyz_R0
rawdata/data/butieping/xyz_R0/Rgd1245/xyz_R0_pair29.bmp,xyz_R0
rawdata/data/butieping/xyz_R0/Rgd1245/xyz_R0_pair3.bmp,xyz_R0
rawdata/data/butieping/xyz_R0/Rgd1245/xyz_R0_pair30.bmp,xyz_R0
rawdata/data/butieping/xyz_R0/Rgd1245/xyz_R0_pair31.bmp,xyz_R0
rawdata/data/butieping/xyz_R0/Rgd1245/xyz_R0_pair32.bmp,xyz_R0
rawdata/data/butieping/xyz_R0/Rgd1245/xyz_R0_pair33.bmp,xyz_R0
rawdata/data/butieping/xyz_R0/Rgd1245/xyz_R0_pair34.bmp,xyz_R0
rawdata/data/butieping/xyz_R0/Rgd1245/xyz_R0_pair35.bmp,xyz_R0
rawdata/data/butieping/xyz_R0/Rgd1245/xyz_R0_pair36.bmp,xyz_R0
rawdata/data/butieping/xyz_R0/Rgd1245/xyz_R0_pair37.bmp,xyz_R0
rawdata/data/butieping/xyz_R0/Rgd1245/xyz_R0_pair38.bmp,xyz_R0
rawdata/data/butieping/xyz_R0/Rgd1245/xyz_R0_pair39.bmp,xyz_R0
rawdata/data/butieping/xyz_R0/Rgd1245/xyz_R0_pair4.bmp,xyz_R0
rawdata/data/butieping/xyz_R0/Rgd1245/xyz_R0_pair40.bmp,xyz_R0
rawdata/data/butieping/xyz_R0/Rgd1245/xyz_R0_pair41.bmp,xyz_R0
rawdata/data/butieping/xyz_R0/Rgd1245/xyz_R0_pair42.bmp,xyz_R0
rawdata/data/butieping/xyz_R0/Rgd1245/xyz_R0_pair43.bmp,xyz_R0
rawdata/data/butieping/xyz_R0/Rgd1245/xyz_R0_pair44.bmp,xyz_R0
rawdata/data/butieping/xyz_R0/Rgd1245/xyz_R0_pair45.bmp,xyz_R0
rawdata/data/butieping/xyz_R0/Rgd1245/xyz_R0_pair46.bmp,xyz_R0
rawdata/data/butieping/xyz_R0/Rgd1245/xyz_R0_pair47.bmp,xyz_R0
rawdata/data/butieping/xyz_R0/Rgd1245/xyz_R0_pair48.bmp,xyz_R0
rawdata/data/butieping/xyz_R0/Rgd1245/xyz_R0_pair49.bmp,xyz_R0
rawdata/data/butieping/xyz_R0/Rgd1245/xyz_R0_pair5.bmp,xyz_R0
rawdata/data/butieping/xyz_R0/Rgd1245/xyz_R0_pair50.bmp,xyz_R0
rawdata/data/butieping/xyz_R0/Rgd1245/xyz_R0_pair51.bmp,xyz_R0
rawdata/data/butieping/xyz_R0/Rgd1245/xyz_R0_pair52.bmp,xyz_R0
rawdata/data/butieping/xyz_R0/Rgd1245/xyz_R0_pair53.bmp,xyz_R0
rawdata/data/butieping/xyz_R0/Rgd1245/xyz_R0_pair54.bmp,xyz_R0
rawdata/data/butieping/xyz_R0/Rgd1245/xyz_R0_pair55.bmp,xyz_R0
rawdata/data/butieping/xyz_R0/Rgd1245/xyz_R0_pair56.bmp,xyz_R0
rawdata/data/butieping/xyz_R0/Rgd1245/xyz_R0_pair57.bmp,xyz_R0
rawdata/data/butieping/xyz_R0/Rgd1245/xyz_R0_pair58.bmp,xyz_R0
rawdata/data/butieping/xyz_R0/Rgd1245/xyz_R0_pair59.bmp,xyz_R0
rawdata/data/butieping/xyz_R0/Rgd1245/xyz_R0_pair6.bmp,xyz_R0
rawdata/data/butieping/xyz_R0/Rgd1245/xyz_R0_pair60.bmp,xyz_R0
rawdata/data/butieping/xyz_R0/Rgd1245/xyz_R0_pair61.bmp,xyz_R0
rawdata/data/butieping/xyz_R0/Rgd1245/xyz_R0_pair62.bmp,xyz_R0
rawdata/data/butieping/xyz_R0/Rgd1245/xyz_R0_pair63.bmp,xyz_R0
rawdata/data/butieping/xyz_R0/Rgd1245/xyz_R0_pair64.bmp,xyz_R0
rawdata/data/butieping/xyz_R0/Rgd1245/xyz_R0_pair65.bmp,xyz_R0
rawdata/data/butieping/xyz_R0/Rgd1245/xyz_R0_pair66.bmp,xyz_R0
rawdata/data/butieping/xyz_R0/Rgd1245/xyz_R0_pair67.bmp,xyz_R0
rawdata/data/butieping/xyz_R0/Rgd1245/xyz_R0_pair68.bmp,xyz_R0
rawdata/data/butieping/xyz_R0/Rgd1245/xyz_R0_pair69.bmp,xyz_R0
rawdata/data/butieping/xyz_R0/Rgd1245/xyz_R0_pair7.bmp,xyz_R0
rawdata/data/butieping/xyz_R0/Rgd1245/xyz_R0_pair70.bmp,xyz_R0
rawdata/data/butieping/xyz_R0/Rgd1245/xyz_R0_pair71.bmp,xyz_R0
rawdata/data/butieping/xyz_R0/Rgd1245/xyz_R0_pair72.bmp,xyz_R0
rawdata/data/butieping/xyz_R0/Rgd1245/xyz_R0_pair73.bmp,xyz_R0
rawdata/data/butieping/xyz_R0/Rgd1245/xyz_R0_pair74.bmp,xyz_R0
rawdata/data/butieping/xyz_R0/Rgd1245/xyz_R0_pair75.bmp,xyz_R0
rawdata/data/butieping/xyz_R0/Rgd1245/xyz_R0_pair76.bmp,xyz_R0
rawdata/data/butieping/xyz_R0/Rgd1245/xyz_R0_pair77.bmp,xyz_R0
rawdata/data/butieping/xyz_R0/Rgd1245/xyz_R0_pair78.bmp,xyz_R0
rawdata/data/butieping/xyz_R0/Rgd1245/xyz_R0_pair79.bmp,xyz_R0
rawdata/data/butieping/xyz_R0/Rgd1245/xyz_R0_pair8.bmp,xyz_R0
rawdata/data/butieping/xyz_R0/Rgd1245/xyz_R0_pair80.bmp,xyz_R0
rawdata/data/butieping/xyz_R0/Rgd1245/xyz_R0_pair81.bmp,xyz_R0
rawdata/data/butieping/xyz_R0/Rgd1245/xyz_R0_pair82.bmp,xyz_R0
rawdata/data/butieping/xyz_R0/Rgd1245/xyz_R0_pair83.bmp,xyz_R0
rawdata/data/butieping/xyz_R0/Rgd1245/xyz_R0_pair84.bmp,xyz_R0
rawdata/data/butieping/xyz_R0/Rgd1245/xyz_R0_pair85.bmp,xyz_R0
rawdata/data/butieping/xyz_R0/Rgd1245/xyz_R0_pair86.bmp,xyz_R0
rawdata/data/butieping/xyz_R0/Rgd1245/xyz_R0_pair87.bmp,xyz_R0
rawdata/data/butieping/xyz_R0/Rgd1245/xyz_R0_pair88.bmp,xyz_R0
rawdata/data/butieping/xyz_R0/Rgd1245/xyz_R0_pair89.bmp,xyz_R0
rawdata/data/butieping/xyz_R0/Rgd1245/xyz_R0_pair9.bmp,xyz_R0
rawdata/data/butieping/xyz_R0/Rgd1245/xyz_R0_pair90.bmp,xyz_R0
rawdata/data/butieping/xyz_R0/Rgd1245/xyz_R0_pair91.bmp,xyz_R0
rawdata/data/butieping/xyz_R0/Rgd1245/xyz_R0_pair92.bmp,xyz_R0
rawdata/data/butieping/xyz_R0/Rgd1245/xyz_R0_pair93.bmp,xyz_R0
rawdata/data/butieping/xyz_R0/Rgd1245/xyz_R0_pair94.bmp,xyz_R0
rawdata/data/butieping/xyz_R0/Rgd1245/xyz_R0_pair95.bmp,xyz_R0
rawdata/data/butieping/xyz_R0/Rgd1245/xyz_R0_pair96.bmp,xyz_R0
rawdata/data/butieping/xyz_R0/Rgd1245/xyz_R0_pair97.bmp,xyz_R0
rawdata/data/butieping/xyz_R0/Rgd1245/xyz_R0_pair98.bmp,xyz_R0
rawdata/data/butieping/xyz_R0/Rgd1245/xyz_R0_pair99.bmp,xyz_R0
rawdata/data/butieping/xyz_R1/Rgd1245/xyz_R1_pair0.bmp,xyz_R1
rawdata/data/butieping/xyz_R1/Rgd1245/xyz_R1_pair1.bmp,xyz_R1
rawdata/data/butieping/xyz_R1/Rgd1245/xyz_R1_pair10.bmp,xyz_R1
rawdata/data/butieping/xyz_R1/Rgd1245/xyz_R1_pair11.bmp,xyz_R1
rawdata/data/butieping/xyz_R1/Rgd1245/xyz_R1_pair12.bmp,xyz_R1
rawdata/data/butieping/xyz_R1/Rgd1245/xyz_R1_pair13.bmp,xyz_R1
rawdata/data/butieping/xyz_R1/Rgd1245/xyz_R1_pair14.bmp,xyz_R1
rawdata/data/butieping/xyz_R1/Rgd1245/xyz_R1_pair15.bmp,xyz_R1
rawdata/data/butieping/xyz_R1/Rgd1245/xyz_R1_pair16.bmp,xyz_R1
rawdata/data/butieping/xyz_R1/Rgd1245/xyz_R1_pair17.bmp,xyz_R1
rawdata/data/butieping/xyz_R1/Rgd1245/xyz_R1_pair18.bmp,xyz_R1
rawdata/data/butieping/xyz_R1/Rgd1245/xyz_R1_pair19.bmp,xyz_R1
rawdata/data/butieping/xyz_R1/Rgd1245/xyz_R1_pair2.bmp,xyz_R1
rawdata/data/butieping/xyz_R1/Rgd1245/xyz_R1_pair20.bmp,xyz_R1
rawdata/data/butieping/xyz_R1/Rgd1245/xyz_R1_pair21.bmp,xyz_R1
rawdata/data/butieping/xyz_R1/Rgd1245/xyz_R1_pair22.bmp,xyz_R1
rawdata/data/butieping/xyz_R1/Rgd1245/xyz_R1_pair23.bmp,xyz_R1
rawdata/data/butieping/xyz_R1/Rgd1245/xyz_R1_pair24.bmp,xyz_R1
rawdata/data/butieping/xyz_R1/Rgd1245/xyz_R1_pair25.bmp,xyz_R1
rawdata/data/butieping/xyz_R1/Rgd1245/xyz_R1_pair26.bmp,xyz_R1
rawdata/data/butieping/xyz_R1/Rgd1245/xyz_R1_pair27.bmp,xyz_R1
rawdata/data/butieping/xyz_R1/Rgd1245/xyz_R1_pair28.bmp,xyz_R1
rawdata/data/butieping/xyz_R1/Rgd1245/xyz_R1_pair29.bmp,xyz_R1
rawdata/data/butieping/xyz_R1/Rgd1245/xyz_R1_pair3.bmp,xyz_R1
rawdata/data/butieping/xyz_R1/Rgd1245/xyz_R1_pair30.bmp,xyz_R1
rawdata/data/butieping/xyz_R1/Rgd1245/xyz_R1_pair31.bmp,xyz_R1
rawdata/data/butieping/xyz_R1/Rgd1245/xyz_R1_pair32.bmp,xyz_R1
rawdata/data/butieping/xyz_R1/Rgd1245/xyz_R1_pair33.bmp,xyz_R1
rawdata/data/butieping/xyz_R1/Rgd1245/xyz_R1_pair34.bmp,xyz_R1
rawdata/data/butieping/xyz_R1/Rgd1245/xyz_R1_pair35.bmp,xyz_R1
rawdata/data/butieping/xyz_R1/Rgd1245/xyz_R1_pair36.bmp,xyz_R1
rawdata/data/butieping/xyz_R1/Rgd1245/xyz_R1_pair37.bmp,xyz_R1
rawdata/data/butieping/xyz_R1/Rgd1245/xyz_R1_pair38.bmp,xyz_R1
rawdata/data/butieping/xyz_R1/Rgd1245/xyz_R1_pair39.bmp,xyz_R1
rawdata/data/butieping/xyz_R1/Rgd1245/xyz_R1_pair4.bmp,xyz_R1
rawdata/data/butieping/xyz_R1/Rgd1245/xyz_R1_pair40.bmp,xyz_R1
rawdata/data/butieping/xyz_R1/Rgd1245/xyz_R1_pair41.bmp,xyz_R1
rawdata/data/butieping/xyz_R1/Rgd1245/xyz_R1_pair42.bmp,xyz_R1
rawdata/data/butieping/xyz_R1/Rgd1245/xyz_R1_pair43.bmp,xyz_R1
rawdata/data/butieping/xyz_R1/Rgd1245/xyz_R1_pair44.bmp,xyz_R1
rawdata/data/butieping/xyz_R1/Rgd1245/xyz_R1_pair45.bmp,xyz_R1
rawdata/data/butieping/xyz_R1/Rgd1245/xyz_R1_pair46.bmp,xyz_R1
rawdata/data/butieping/xyz_R1/Rgd1245/xyz_R1_pair47.bmp,xyz_R1
rawdata/data/butieping/xyz_R1/Rgd1245/xyz_R1_pair48.bmp,xyz_R1
rawdata/data/butieping/xyz_R1/Rgd1245/xyz_R1_pair49.bmp,xyz_R1
rawdata/data/butieping/xyz_R1/Rgd1245/xyz_R1_pair5.bmp,xyz_R1
rawdata/data/butieping/xyz_R1/Rgd1245/xyz_R1_pair50.bmp,xyz_R1
rawdata/data/butieping/xyz_R1/Rgd1245/xyz_R1_pair51.bmp,xyz_R1
rawdata/data/butieping/xyz_R1/Rgd1245/xyz_R1_pair52.bmp,xyz_R1
rawdata/data/butieping/xyz_R1/Rgd1245/xyz_R1_pair53.bmp,xyz_R1
rawdata/data/butieping/xyz_R1/Rgd1245/xyz_R1_pair54.bmp,xyz_R1
rawdata/data/butieping/xyz_R1/Rgd1245/xyz_R1_pair55.bmp,xyz_R1
rawdata/data/butieping/xyz_R1/Rgd1245/xyz_R1_pair56.bmp,xyz_R1
rawdata/data/butieping/xyz_R1/Rgd1245/xyz_R1_pair57.bmp,xyz_R1
rawdata/data/butieping/xyz_R1/Rgd1245/xyz_R1_pair58.bmp,xyz_R1
rawdata/data/butieping/xyz_R1/Rgd1245/xyz_R1_pair59.bmp,xyz_R1
rawdata/data/butieping/xyz_R1/Rgd1245/xyz_R1_pair6.bmp,xyz_R1
rawdata/data/butieping/xyz_R1/Rgd1245/xyz_R1_pair60.bmp,xyz_R1
rawdata/data/butieping/xyz_R1/Rgd1245/xyz_R1_pair61.bmp,xyz_R1
rawdata/data/butieping/xyz_R1/Rgd1245/xyz_R1_pair62.bmp,xyz_R1
rawdata/data/butieping/xyz_R1/Rgd1245/xyz_R1_pair63.bmp,xyz_R1
rawdata/data/butieping/xyz_R1/Rgd1245/xyz_R1_pair64.bmp,xyz_R1
rawdata/data/butieping/xyz_R1/Rgd1245/xyz_R1_pair65.bmp,xyz_R1
rawdata/data/butieping/xyz_R1/Rgd1245/xyz_R1_pair66.bmp,xyz_R1
rawdata/data/butieping/xyz_R1/Rgd1245/xyz_R1_pair67.bmp,xyz_R1
rawdata/data/butieping/xyz_R1/Rgd1245/xyz_R1_pair68.bmp,xyz_R1
rawdata/data/butieping/xyz_R1/Rgd1245/xyz_R1_pair69.bmp,xyz_R1
rawdata/data/butieping/xyz_R1/Rgd1245/xyz_R1_pair7.bmp,xyz_R1
rawdata/data/butieping/xyz_R1/Rgd1245/xyz_R1_pair70.bmp,xyz_R1
rawdata/data/butieping/xyz_R1/Rgd1245/xyz_R1_pair71.bmp,xyz_R1
rawdata/data/butieping/xyz_R1/Rgd1245/xyz_R1_pair72.bmp,xyz_R1
rawdata/data/butieping/xyz_R1/Rgd1245/xyz_R1_pair73.bmp,xyz_R1
rawdata/data/butieping/xyz_R1/Rgd1245/xyz_R1_pair74.bmp,xyz_R1
rawdata/data/butieping/xyz_R1/Rgd1245/xyz_R1_pair75.bmp,xyz_R1
rawdata/data/butieping/xyz_R1/Rgd1245/xyz_R1_pair76.bmp,xyz_R1
rawdata/data/butieping/xyz_R1/Rgd1245/xyz_R1_pair77.bmp,xyz_R1
rawdata/data/butieping/xyz_R1/Rgd1245/xyz_R1_pair78.bmp,xyz_R1
rawdata/data/butieping/xyz_R1/Rgd1245/xyz_R1_pair79.bmp,xyz_R1
rawdata/data/butieping/xyz_R1/Rgd1245/xyz_R1_pair8.bmp,xyz_R1
rawdata/data/butieping/xyz_R1/Rgd1245/xyz_R1_pair80.bmp,xyz_R1
rawdata/data/butieping/xyz_R1/Rgd1245/xyz_R1_pair81.bmp,xyz_R1
rawdata/data/butieping/xyz_R1/Rgd1245/xyz_R1_pair82.bmp,xyz_R1
rawdata/data/butieping/xyz_R1/Rgd1245/xyz_R1_pair83.bmp,xyz_R1
rawdata/data/butieping/xyz_R1/Rgd1245/xyz_R1_pair84.bmp,xyz_R1
rawdata/data/butieping/xyz_R1/Rgd1245/xyz_R1_pair85.bmp,xyz_R1
rawdata/data/butieping/xyz_R1/Rgd1245/xyz_R1_pair86.bmp,xyz_R1
rawdata/data/butieping/xyz_R1/Rgd1245/xyz_R1_pair87.bmp,xyz_R1
rawdata/data/butieping/xyz_R1/Rgd1245/xyz_R1_pair88.bmp,xyz_R1
rawdata/data/butieping/xyz_R1/Rgd1245/xyz_R1_pair89.bmp,xyz_R1
rawdata/data/butieping/xyz_R1/Rgd1245/xyz_R1_pair9.bmp,xyz_R1
rawdata/data/butieping/xyz_R1/Rgd1245/xyz_R1_pair90.bmp,xyz_R1
rawdata/data/butieping/xyz_R1/Rgd1245/xyz_R1_pair91.bmp,xyz_R1
rawdata/data/butieping/xyz_R1/Rgd1245/xyz_R1_pair92.bmp,xyz_R1
rawdata/data/butieping/xyz_R1/Rgd1245/xyz_R1_pair93.bmp,xyz_R1
rawdata/data/butieping/xyz_R1/Rgd1245/xyz_R1_pair94.bmp,xyz_R1
rawdata/data/butieping/xyz_R1/Rgd1245/xyz_R1_pair95.bmp,xyz_R1
rawdata/data/butieping/xyz_R1/Rgd1245/xyz_R1_pair96.bmp,xyz_R1
rawdata/data/butieping/xyz_R1/Rgd1245/xyz_R1_pair97.bmp,xyz_R1
rawdata/data/butieping/xyz_R1/Rgd1245/xyz_R1_pair98.bmp,xyz_R1
rawdata/data/butieping/xyz_R1/Rgd1245/xyz_R1_pair99.bmp,xyz_R1
rawdata/data/butieping/xzc_R1/Rgd1237/xzc_R1_pair0.bmp,xzc_R1
rawdata/data/butieping/xzc_R1/Rgd1237/xzc_R1_pair1.bmp,xzc_R1
rawdata/data/butieping/xzc_R1/Rgd1237/xzc_R1_pair10.bmp,xzc_R1
rawdata/data/butieping/xzc_R1/Rgd1237/xzc_R1_pair11.bmp,xzc_R1
rawdata/data/butieping/xzc_R1/Rgd1237/xzc_R1_pair12.bmp,xzc_R1
rawdata/data/butieping/xzc_R1/Rgd1237/xzc_R1_pair13.bmp,xzc_R1
rawdata/data/butieping/xzc_R1/Rgd1237/xzc_R1_pair14.bmp,xzc_R1
rawdata/data/butieping/xzc_R1/Rgd1237/xzc_R1_pair15.bmp,xzc_R1
rawdata/data/butieping/xzc_R1/Rgd1237/xzc_R1_pair16.bmp,xzc_R1
rawdata/data/butieping/xzc_R1/Rgd1237/xzc_R1_pair17.bmp,xzc_R1
rawdata/data/butieping/xzc_R1/Rgd1237/xzc_R1_pair18.bmp,xzc_R1
rawdata/data/butieping/xzc_R1/Rgd1237/xzc_R1_pair19.bmp,xzc_R1
rawdata/data/butieping/xzc_R1/Rgd1237/xzc_R1_pair2.bmp,xzc_R1
rawdata/data/butieping/xzc_R1/Rgd1237/xzc_R1_pair20.bmp,xzc_R1
rawdata/data/butieping/xzc_R1/Rgd1237/xzc_R1_pair21.bmp,xzc_R1
rawdata/data/butieping/xzc_R1/Rgd1237/xzc_R1_pair22.bmp,xzc_R1
rawdata/data/butieping/xzc_R1/Rgd1237/xzc_R1_pair23.bmp,xzc_R1
rawdata/data/butieping/xzc_R1/Rgd1237/xzc_R1_pair24.bmp,xzc_R1
rawdata/data/butieping/xzc_R1/Rgd1237/xzc_R1_pair25.bmp,xzc_R1
rawdata/data/butieping/xzc_R1/Rgd1237/xzc_R1_pair26.bmp,xzc_R1
rawdata/data/butieping/xzc_R1/Rgd1237/xzc_R1_pair27.bmp,xzc_R1
rawdata/data/butieping/xzc_R1/Rgd1237/xzc_R1_pair28.bmp,xzc_R1
rawdata/data/butieping/xzc_R1/Rgd1237/xzc_R1_pair29.bmp,xzc_R1
rawdata/data/butieping/xzc_R1/Rgd1237/xzc_R1_pair3.bmp,xzc_R1
rawdata/data/butieping/xzc_R1/Rgd1237/xzc_R1_pair30.bmp,xzc_R1
rawdata/data/butieping/xzc_R1/Rgd1237/xzc_R1_pair31.bmp,xzc_R1
rawdata/data/butieping/xzc_R1/Rgd1237/xzc_R1_pair32.bmp,xzc_R1
rawdata/data/butieping/xzc_R1/Rgd1237/xzc_R1_pair33.bmp,xzc_R1
rawdata/data/butieping/xzc_R1/Rgd1237/xzc_R1_pair34.bmp,xzc_R1
rawdata/data/butieping/xzc_R1/Rgd1237/xzc_R1_pair35.bmp,xzc_R1
rawdata/data/butieping/xzc_R1/Rgd1237/xzc_R1_pair36.bmp,xzc_R1
rawdata/data/butieping/xzc_R1/Rgd1237/xzc_R1_pair37.bmp,xzc_R1
rawdata/data/butieping/xzc_R1/Rgd1237/xzc_R1_pair38.bmp,xzc_R1
rawdata/data/butieping/xzc_R1/Rgd1237/xzc_R1_pair39.bmp,xzc_R1
rawdata/data/butieping/xzc_R1/Rgd1237/xzc_R1_pair4.bmp,xzc_R1
rawdata/data/butieping/xzc_R1/Rgd1237/xzc_R1_pair40.bmp,xzc_R1
rawdata/data/butieping/xzc_R1/Rgd1237/xzc_R1_pair41.bmp,xzc_R1
rawdata/data/butieping/xzc_R1/Rgd1237/xzc_R1_pair42.bmp,xzc_R1
rawdata/data/butieping/xzc_R1/Rgd1237/xzc_R1_pair43.bmp,xzc_R1
rawdata/data/butieping/xzc_R1/Rgd1237/xzc_R1_pair44.bmp,xzc_R1
rawdata/data/butieping/xzc_R1/Rgd1237/xzc_R1_pair45.bmp,xzc_R1
rawdata/data/butieping/xzc_R1/Rgd1237/xzc_R1_pair46.bmp,xzc_R1
rawdata/data/butieping/xzc_R1/Rgd1237/xzc_R1_pair47.bmp,xzc_R1
rawdata/data/butieping/xzc_R1/Rgd1237/xzc_R1_pair48.bmp,xzc_R1
rawdata/data/butieping/xzc_R1/Rgd1237/xzc_R1_pair49.bmp,xzc_R1
rawdata/data/butieping/xzc_R1/Rgd1237/xzc_R1_pair5.bmp,xzc_R1
rawdata/data/butieping/xzc_R1/Rgd1237/xzc_R1_pair50.bmp,xzc_R1
rawdata/data/butieping/xzc_R1/Rgd1237/xzc_R1_pair51.bmp,xzc_R1
rawdata/data/butieping/xzc_R1/Rgd1237/xzc_R1_pair52.bmp,xzc_R1
rawdata/data/butieping/xzc_R1/Rgd1237/xzc_R1_pair53.bmp,xzc_R1
rawdata/data/butieping/xzc_R1/Rgd1237/xzc_R1_pair54.bmp,xzc_R1
rawdata/data/butieping/xzc_R1/Rgd1237/xzc_R1_pair55.bmp,xzc_R1
rawdata/data/butieping/xzc_R1/Rgd1237/xzc_R1_pair56.bmp,xzc_R1
rawdata/data/butieping/xzc_R1/Rgd1237/xzc_R1_pair57.bmp,xzc_R1
rawdata/data/butieping/xzc_R1/Rgd1237/xzc_R1_pair58.bmp,xzc_R1
rawdata/data/butieping/xzc_R1/Rgd1237/xzc_R1_pair59.bmp,xzc_R1
rawdata/data/butieping/xzc_R1/Rgd1237/xzc_R1_pair6.bmp,xzc_R1
rawdata/data/butieping/xzc_R1/Rgd1237/xzc_R1_pair60.bmp,xzc_R1
rawdata/data/butieping/xzc_R1/Rgd1237/xzc_R1_pair61.bmp,xzc_R1
rawdata/data/butieping/xzc_R1/Rgd1237/xzc_R1_pair62.bmp,xzc_R1
rawdata/data/butieping/xzc_R1/Rgd1237/xzc_R1_pair63.bmp,xzc_R1
rawdata/data/butieping/xzc_R1/Rgd1237/xzc_R1_pair64.bmp,xzc_R1
rawdata/data/butieping/xzc_R1/Rgd1237/xzc_R1_pair65.bmp,xzc_R1
rawdata/data/butieping/xzc_R1/Rgd1237/xzc_R1_pair66.bmp,xzc_R1
rawdata/data/butieping/xzc_R1/Rgd1237/xzc_R1_pair67.bmp,xzc_R1
rawdata/data/butieping/xzc_R1/Rgd1237/xzc_R1_pair68.bmp,xzc_R1
rawdata/data/butieping/xzc_R1/Rgd1237/xzc_R1_pair69.bmp,xzc_R1
rawdata/data/butieping/xzc_R1/Rgd1237/xzc_R1_pair7.bmp,xzc_R1
rawdata/data/butieping/xzc_R1/Rgd1237/xzc_R1_pair70.bmp,xzc_R1
rawdata/data/butieping/xzc_R1/Rgd1237/xzc_R1_pair71.bmp,xzc_R1
rawdata/data/butieping/xzc_R1/Rgd1237/xzc_R1_pair72.bmp,xzc_R1
rawdata/data/butieping/xzc_R1/Rgd1237/xzc_R1_pair73.bmp,xzc_R1
rawdata/data/butieping/xzc_R1/Rgd1237/xzc_R1_pair74.bmp,xzc_R1
rawdata/data/butieping/xzc_R1/Rgd1237/xzc_R1_pair75.bmp,xzc_R1
rawdata/data/butieping/xzc_R1/Rgd1237/xzc_R1_pair76.bmp,xzc_R1
rawdata/data/butieping/xzc_R1/Rgd1237/xzc_R1_pair77.bmp,xzc_R1
rawdata/data/butieping/xzc_R1/Rgd1237/xzc_R1_pair78.bmp,xzc_R1
rawdata/data/butieping/xzc_R1/Rgd1237/xzc_R1_pair79.bmp,xzc_R1
rawdata/data/butieping/xzc_R1/Rgd1237/xzc_R1_pair8.bmp,xzc_R1
rawdata/data/butieping/xzc_R1/Rgd1237/xzc_R1_pair80.bmp,xzc_R1
rawdata/data/butieping/xzc_R1/Rgd1237/xzc_R1_pair81.bmp,xzc_R1
rawdata/data/butieping/xzc_R1/Rgd1237/xzc_R1_pair82.bmp,xzc_R1
rawdata/data/butieping/xzc_R1/Rgd1237/xzc_R1_pair83.bmp,xzc_R1
rawdata/data/butieping/xzc_R1/Rgd1237/xzc_R1_pair84.bmp,xzc_R1
rawdata/data/butieping/xzc_R1/Rgd1237/xzc_R1_pair85.bmp,xzc_R1
rawdata/data/butieping/xzc_R1/Rgd1237/xzc_R1_pair86.bmp,xzc_R1
rawdata/data/butieping/xzc_R1/Rgd1237/xzc_R1_pair87.bmp,xzc_R1
rawdata/data/butieping/xzc_R1/Rgd1237/xzc_R1_pair88.bmp,xzc_R1
rawdata/data/butieping/xzc_R1/Rgd1237/xzc_R1_pair89.bmp,xzc_R1
rawdata/data/butieping/xzc_R1/Rgd1237/xzc_R1_pair9.bmp,xzc_R1
rawdata/data/butieping/xzc_R1/Rgd1237/xzc_R1_pair90.bmp,xzc_R1
rawdata/data/butieping/xzc_R1/Rgd1237/xzc_R1_pair91.bmp,xzc_R1
rawdata/data/butieping/xzc_R1/Rgd1237/xzc_R1_pair92.bmp,xzc_R1
rawdata/data/butieping/xzc_R1/Rgd1237/xzc_R1_pair93.bmp,xzc_R1
rawdata/data/butieping/xzc_R1/Rgd1237/xzc_R1_pair94.bmp,xzc_R1
rawdata/data/butieping/xzc_R1/Rgd1237/xzc_R1_pair95.bmp,xzc_R1
rawdata/data/butieping/xzc_R1/Rgd1237/xzc_R1_pair96.bmp,xzc_R1
rawdata/data/butieping/xzc_R1/Rgd1237/xzc_R1_pair97.bmp,xzc_R1
rawdata/data/butieping/xzc_R1/Rgd1237/xzc_R1_pair98.bmp,xzc_R1
rawdata/data/butieping/xzc_R1/Rgd1237/xzc_R1_pair99.bmp,xzc_R1
rawdata/data/butieping/xzc_R2/Rgd1237/xzc_R2_pair0.bmp,xzc_R2
rawdata/data/butieping/xzc_R2/Rgd1237/xzc_R2_pair1.bmp,xzc_R2
rawdata/data/butieping/xzc_R2/Rgd1237/xzc_R2_pair10.bmp,xzc_R2
rawdata/data/butieping/xzc_R2/Rgd1237/xzc_R2_pair11.bmp,xzc_R2
rawdata/data/butieping/xzc_R2/Rgd1237/xzc_R2_pair12.bmp,xzc_R2
rawdata/data/butieping/xzc_R2/Rgd1237/xzc_R2_pair13.bmp,xzc_R2
rawdata/data/butieping/xzc_R2/Rgd1237/xzc_R2_pair14.bmp,xzc_R2
rawdata/data/butieping/xzc_R2/Rgd1237/xzc_R2_pair15.bmp,xzc_R2
rawdata/data/butieping/xzc_R2/Rgd1237/xzc_R2_pair16.bmp,xzc_R2
rawdata/data/butieping/xzc_R2/Rgd1237/xzc_R2_pair17.bmp,xzc_R2
rawdata/data/butieping/xzc_R2/Rgd1237/xzc_R2_pair18.bmp,xzc_R2
rawdata/data/butieping/xzc_R2/Rgd1237/xzc_R2_pair19.bmp,xzc_R2
rawdata/data/butieping/xzc_R2/Rgd1237/xzc_R2_pair2.bmp,xzc_R2
rawdata/data/butieping/xzc_R2/Rgd1237/xzc_R2_pair20.bmp,xzc_R2
rawdata/data/butieping/xzc_R2/Rgd1237/xzc_R2_pair21.bmp,xzc_R2
rawdata/data/butieping/xzc_R2/Rgd1237/xzc_R2_pair22.bmp,xzc_R2
rawdata/data/butieping/xzc_R2/Rgd1237/xzc_R2_pair23.bmp,xzc_R2
rawdata/data/butieping/xzc_R2/Rgd1237/xzc_R2_pair24.bmp,xzc_R2
rawdata/data/butieping/xzc_R2/Rgd1237/xzc_R2_pair25.bmp,xzc_R2
rawdata/data/butieping/xzc_R2/Rgd1237/xzc_R2_pair26.bmp,xzc_R2
rawdata/data/butieping/xzc_R2/Rgd1237/xzc_R2_pair27.bmp,xzc_R2
rawdata/data/butieping/xzc_R2/Rgd1237/xzc_R2_pair28.bmp,xzc_R2
rawdata/data/butieping/xzc_R2/Rgd1237/xzc_R2_pair29.bmp,xzc_R2
rawdata/data/butieping/xzc_R2/Rgd1237/xzc_R2_pair3.bmp,xzc_R2
rawdata/data/butieping/xzc_R2/Rgd1237/xzc_R2_pair30.bmp,xzc_R2
rawdata/data/butieping/xzc_R2/Rgd1237/xzc_R2_pair31.bmp,xzc_R2
rawdata/data/butieping/xzc_R2/Rgd1237/xzc_R2_pair32.bmp,xzc_R2
rawdata/data/butieping/xzc_R2/Rgd1237/xzc_R2_pair33.bmp,xzc_R2
rawdata/data/butieping/xzc_R2/Rgd1237/xzc_R2_pair34.bmp,xzc_R2
rawdata/data/butieping/xzc_R2/Rgd1237/xzc_R2_pair35.bmp,xzc_R2
rawdata/data/butieping/xzc_R2/Rgd1237/xzc_R2_pair36.bmp,xzc_R2
rawdata/data/butieping/xzc_R2/Rgd1237/xzc_R2_pair37.bmp,xzc_R2
rawdata/data/butieping/xzc_R2/Rgd1237/xzc_R2_pair38.bmp,xzc_R2
rawdata/data/butieping/xzc_R2/Rgd1237/xzc_R2_pair39.bmp,xzc_R2
rawdata/data/butieping/xzc_R2/Rgd1237/xzc_R2_pair4.bmp,xzc_R2
rawdata/data/butieping/xzc_R2/Rgd1237/xzc_R2_pair40.bmp,xzc_R2
rawdata/data/butieping/xzc_R2/Rgd1237/xzc_R2_pair41.bmp,xzc_R2
rawdata/data/butieping/xzc_R2/Rgd1237/xzc_R2_pair42.bmp,xzc_R2
rawdata/data/butieping/xzc_R2/Rgd1237/xzc_R2_pair43.bmp,xzc_R2
rawdata/data/butieping/xzc_R2/Rgd1237/xzc_R2_pair44.bmp,xzc_R2
rawdata/data/butieping/xzc_R2/Rgd1237/xzc_R2_pair45.bmp,xzc_R2
rawdata/data/butieping/xzc_R2/Rgd1237/xzc_R2_pair46.bmp,xzc_R2
rawdata/data/butieping/xzc_R2/Rgd1237/xzc_R2_pair47.bmp,xzc_R2
rawdata/data/butieping/xzc_R2/Rgd1237/xzc_R2_pair48.bmp,xzc_R2
rawdata/data/butieping/xzc_R2/Rgd1237/xzc_R2_pair49.bmp,xzc_R2
rawdata/data/butieping/xzc_R2/Rgd1237/xzc_R2_pair5.bmp,xzc_R2
rawdata/data/butieping/xzc_R2/Rgd1237/xzc_R2_pair50.bmp,xzc_R2
rawdata/data/butieping/xzc_R2/Rgd1237/xzc_R2_pair51.bmp,xzc_R2
rawdata/data/butieping/xzc_R2/Rgd1237/xzc_R2_pair52.bmp,xzc_R2
rawdata/data/butieping/xzc_R2/Rgd1237/xzc_R2_pair53.bmp,xzc_R2
rawdata/data/butieping/xzc_R2/Rgd1237/xzc_R2_pair54.bmp,xzc_R2
rawdata/data/butieping/xzc_R2/Rgd1237/xzc_R2_pair55.bmp,xzc_R2
rawdata/data/butieping/xzc_R2/Rgd1237/xzc_R2_pair56.bmp,xzc_R2
rawdata/data/butieping/xzc_R2/Rgd1237/xzc_R2_pair57.bmp,xzc_R2
rawdata/data/butieping/xzc_R2/Rgd1237/xzc_R2_pair58.bmp,xzc_R2
rawdata/data/butieping/xzc_R2/Rgd1237/xzc_R2_pair59.bmp,xzc_R2
rawdata/data/butieping/xzc_R2/Rgd1237/xzc_R2_pair6.bmp,xzc_R2
rawdata/data/butieping/xzc_R2/Rgd1237/xzc_R2_pair60.bmp,xzc_R2
rawdata/data/butieping/xzc_R2/Rgd1237/xzc_R2_pair61.bmp,xzc_R2
rawdata/data/butieping/xzc_R2/Rgd1237/xzc_R2_pair62.bmp,xzc_R2
rawdata/data/butieping/xzc_R2/Rgd1237/xzc_R2_pair63.bmp,xzc_R2
rawdata/data/butieping/xzc_R2/Rgd1237/xzc_R2_pair64.bmp,xzc_R2
rawdata/data/butieping/xzc_R2/Rgd1237/xzc_R2_pair65.bmp,xzc_R2
rawdata/data/butieping/xzc_R2/Rgd1237/xzc_R2_pair66.bmp,xzc_R2
rawdata/data/butieping/xzc_R2/Rgd1237/xzc_R2_pair67.bmp,xzc_R2
rawdata/data/butieping/xzc_R2/Rgd1237/xzc_R2_pair68.bmp,xzc_R2
rawdata/data/butieping/xzc_R2/Rgd1237/xzc_R2_pair69.bmp,xzc_R2
rawdata/data/butieping/xzc_R2/Rgd1237/xzc_R2_pair7.bmp,xzc_R2
rawdata/data/butieping/xzc_R2/Rgd1237/xzc_R2_pair70.bmp,xzc_R2
rawdata/data/butieping/xzc_R2/Rgd1237/xzc_R2_pair71.bmp,xzc_R2
rawdata/data/butieping/xzc_R2/Rgd1237/xzc_R2_pair72.bmp,xzc_R2
rawdata/data/butieping/xzc_R2/Rgd1237/xzc_R2_pair73.bmp,xzc_R2
rawdata/data/butieping/xzc_R2/Rgd1237/xzc_R2_pair74.bmp,xzc_R2
rawdata/data/butieping/xzc_R2/Rgd1237/xzc_R2_pair75.bmp,xzc_R2
rawdata/data/butieping/xzc_R2/Rgd1237/xzc_R2_pair76.bmp,xzc_R2
rawdata/data/butieping/xzc_R2/Rgd1237/xzc_R2_pair77.bmp,xzc_R2
rawdata/data/butieping/xzc_R2/Rgd1237/xzc_R2_pair78.bmp,xzc_R2
rawdata/data/butieping/xzc_R2/Rgd1237/xzc_R2_pair79.bmp,xzc_R2
rawdata/data/butieping/xzc_R2/Rgd1237/xzc_R2_pair8.bmp,xzc_R2
rawdata/data/butieping/xzc_R2/Rgd1237/xzc_R2_pair80.bmp,xzc_R2
rawdata/data/butieping/xzc_R2/Rgd1237/xzc_R2_pair81.bmp,xzc_R2
rawdata/data/butieping/xzc_R2/Rgd1237/xzc_R2_pair82.bmp,xzc_R2
rawdata/data/butieping/xzc_R2/Rgd1237/xzc_R2_pair83.bmp,xzc_R2
rawdata/data/butieping/xzc_R2/Rgd1237/xzc_R2_pair84.bmp,xzc_R2
rawdata/data/butieping/xzc_R2/Rgd1237/xzc_R2_pair85.bmp,xzc_R2
rawdata/data/butieping/xzc_R2/Rgd1237/xzc_R2_pair86.bmp,xzc_R2
rawdata/data/butieping/xzc_R2/Rgd1237/xzc_R2_pair87.bmp,xzc_R2
rawdata/data/butieping/xzc_R2/Rgd1237/xzc_R2_pair88.bmp,xzc_R2
rawdata/data/butieping/xzc_R2/Rgd1237/xzc_R2_pair89.bmp,xzc_R2
rawdata/data/butieping/xzc_R2/Rgd1237/xzc_R2_pair9.bmp,xzc_R2
rawdata/data/butieping/xzc_R2/Rgd1237/xzc_R2_pair90.bmp,xzc_R2
rawdata/data/butieping/xzc_R2/Rgd1237/xzc_R2_pair91.bmp,xzc_R2
rawdata/data/butieping/xzc_R2/Rgd1237/xzc_R2_pair92.bmp,xzc_R2
rawdata/data/butieping/xzc_R2/Rgd1237/xzc_R2_pair93.bmp,xzc_R2
rawdata/data/butieping/xzc_R2/Rgd1237/xzc_R2_pair94.bmp,xzc_R2
rawdata/data/butieping/xzc_R2/Rgd1237/xzc_R2_pair95.bmp,xzc_R2
rawdata/data/butieping/xzc_R2/Rgd1237/xzc_R2_pair96.bmp,xzc_R2
rawdata/data/butieping/xzc_R2/Rgd1237/xzc_R2_pair97.bmp,xzc_R2
rawdata/data/butieping/xzc_R2/Rgd1237/xzc_R2_pair98.bmp,xzc_R2
rawdata/data/butieping/xzc_R2/Rgd1237/xzc_R2_pair99.bmp,xzc_R2
rawdata/data/butieping/zyh_R0/Rgd1237/zyh_R0_pair0.bmp,zyh_R0
rawdata/data/butieping/zyh_R0/Rgd1237/zyh_R0_pair1.bmp,zyh_R0
rawdata/data/butieping/zyh_R0/Rgd1237/zyh_R0_pair10.bmp,zyh_R0
rawdata/data/butieping/zyh_R0/Rgd1237/zyh_R0_pair11.bmp,zyh_R0
rawdata/data/butieping/zyh_R0/Rgd1237/zyh_R0_pair12.bmp,zyh_R0
rawdata/data/butieping/zyh_R0/Rgd1237/zyh_R0_pair13.bmp,zyh_R0
rawdata/data/butieping/zyh_R0/Rgd1237/zyh_R0_pair14.bmp,zyh_R0
rawdata/data/butieping/zyh_R0/Rgd1237/zyh_R0_pair15.bmp,zyh_R0
rawdata/data/butieping/zyh_R0/Rgd1237/zyh_R0_pair16.bmp,zyh_R0
rawdata/data/butieping/zyh_R0/Rgd1237/zyh_R0_pair17.bmp,zyh_R0
rawdata/data/butieping/zyh_R0/Rgd1237/zyh_R0_pair18.bmp,zyh_R0
rawdata/data/butieping/zyh_R0/Rgd1237/zyh_R0_pair19.bmp,zyh_R0
rawdata/data/butieping/zyh_R0/Rgd1237/zyh_R0_pair2.bmp,zyh_R0
rawdata/data/butieping/zyh_R0/Rgd1237/zyh_R0_pair20.bmp,zyh_R0
rawdata/data/butieping/zyh_R0/Rgd1237/zyh_R0_pair21.bmp,zyh_R0
rawdata/data/butieping/zyh_R0/Rgd1237/zyh_R0_pair22.bmp,zyh_R0
rawdata/data/butieping/zyh_R0/Rgd1237/zyh_R0_pair23.bmp,zyh_R0
rawdata/data/butieping/zyh_R0/Rgd1237/zyh_R0_pair24.bmp,zyh_R0
rawdata/data/butieping/zyh_R0/Rgd1237/zyh_R0_pair25.bmp,zyh_R0
rawdata/data/butieping/zyh_R0/Rgd1237/zyh_R0_pair26.bmp,zyh_R0
rawdata/data/butieping/zyh_R0/Rgd1237/zyh_R0_pair27.bmp,zyh_R0
rawdata/data/butieping/zyh_R0/Rgd1237/zyh_R0_pair28.bmp,zyh_R0
rawdata/data/butieping/zyh_R0/Rgd1237/zyh_R0_pair29.bmp,zyh_R0
rawdata/data/butieping/zyh_R0/Rgd1237/zyh_R0_pair3.bmp,zyh_R0
rawdata/data/butieping/zyh_R0/Rgd1237/zyh_R0_pair30.bmp,zyh_R0
rawdata/data/butieping/zyh_R0/Rgd1237/zyh_R0_pair31.bmp,zyh_R0
rawdata/data/butieping/zyh_R0/Rgd1237/zyh_R0_pair32.bmp,zyh_R0
rawdata/data/butieping/zyh_R0/Rgd1237/zyh_R0_pair33.bmp,zyh_R0
rawdata/data/butieping/zyh_R0/Rgd1237/zyh_R0_pair34.bmp,zyh_R0
rawdata/data/butieping/zyh_R0/Rgd1237/zyh_R0_pair35.bmp,zyh_R0
rawdata/data/butieping/zyh_R0/Rgd1237/zyh_R0_pair36.bmp,zyh_R0
rawdata/data/butieping/zyh_R0/Rgd1237/zyh_R0_pair37.bmp,zyh_R0
rawdata/data/butieping/zyh_R0/Rgd1237/zyh_R0_pair38.bmp,zyh_R0
rawdata/data/butieping/zyh_R0/Rgd1237/zyh_R0_pair39.bmp,zyh_R0
rawdata/data/butieping/zyh_R0/Rgd1237/zyh_R0_pair4.bmp,zyh_R0
rawdata/data/butieping/zyh_R0/Rgd1237/zyh_R0_pair40.bmp,zyh_R0
rawdata/data/butieping/zyh_R0/Rgd1237/zyh_R0_pair41.bmp,zyh_R0
rawdata/data/butieping/zyh_R0/Rgd1237/zyh_R0_pair42.bmp,zyh_R0
rawdata/data/butieping/zyh_R0/Rgd1237/zyh_R0_pair43.bmp,zyh_R0
rawdata/data/butieping/zyh_R0/Rgd1237/zyh_R0_pair44.bmp,zyh_R0
rawdata/data/butieping/zyh_R0/Rgd1237/zyh_R0_pair45.bmp,zyh_R0
rawdata/data/butieping/zyh_R0/Rgd1237/zyh_R0_pair46.bmp,zyh_R0
rawdata/data/butieping/zyh_R0/Rgd1237/zyh_R0_pair47.bmp,zyh_R0
rawdata/data/butieping/zyh_R0/Rgd1237/zyh_R0_pair48.bmp,zyh_R0
rawdata/data/butieping/zyh_R0/Rgd1237/zyh_R0_pair49.bmp,zyh_R0
rawdata/data/butieping/zyh_R0/Rgd1237/zyh_R0_pair5.bmp,zyh_R0
rawdata/data/butieping/zyh_R0/Rgd1237/zyh_R0_pair50.bmp,zyh_R0
rawdata/data/butieping/zyh_R0/Rgd1237/zyh_R0_pair51.bmp,zyh_R0
rawdata/data/butieping/zyh_R0/Rgd1237/zyh_R0_pair52.bmp,zyh_R0
rawdata/data/butieping/zyh_R0/Rgd1237/zyh_R0_pair53.bmp,zyh_R0
rawdata/data/butieping/zyh_R0/Rgd1237/zyh_R0_pair54.bmp,zyh_R0
rawdata/data/butieping/zyh_R0/Rgd1237/zyh_R0_pair55.bmp,zyh_R0
rawdata/data/butieping/zyh_R0/Rgd1237/zyh_R0_pair56.bmp,zyh_R0
rawdata/data/butieping/zyh_R0/Rgd1237/zyh_R0_pair57.bmp,zyh_R0
rawdata/data/butieping/zyh_R0/Rgd1237/zyh_R0_pair58.bmp,zyh_R0
rawdata/data/butieping/zyh_R0/Rgd1237/zyh_R0_pair59.bmp,zyh_R0
rawdata/data/butieping/zyh_R0/Rgd1237/zyh_R0_pair6.bmp,zyh_R0
rawdata/data/butieping/zyh_R0/Rgd1237/zyh_R0_pair60.bmp,zyh_R0
rawdata/data/butieping/zyh_R0/Rgd1237/zyh_R0_pair61.bmp,zyh_R0
rawdata/data/butieping/zyh_R0/Rgd1237/zyh_R0_pair62.bmp,zyh_R0
rawdata/data/butieping/zyh_R0/Rgd1237/zyh_R0_pair63.bmp,zyh_R0
rawdata/data/butieping/zyh_R0/Rgd1237/zyh_R0_pair64.bmp,zyh_R0
rawdata/data/butieping/zyh_R0/Rgd1237/zyh_R0_pair65.bmp,zyh_R0
rawdata/data/butieping/zyh_R0/Rgd1237/zyh_R0_pair66.bmp,zyh_R0
rawdata/data/butieping/zyh_R0/Rgd1237/zyh_R0_pair67.bmp,zyh_R0
rawdata/data/butieping/zyh_R0/Rgd1237/zyh_R0_pair68.bmp,zyh_R0
rawdata/data/butieping/zyh_R0/Rgd1237/zyh_R0_pair69.bmp,zyh_R0
rawdata/data/butieping/zyh_R0/Rgd1237/zyh_R0_pair7.bmp,zyh_R0
rawdata/data/butieping/zyh_R0/Rgd1237/zyh_R0_pair70.bmp,zyh_R0
rawdata/data/butieping/zyh_R0/Rgd1237/zyh_R0_pair71.bmp,zyh_R0
rawdata/data/butieping/zyh_R0/Rgd1237/zyh_R0_pair72.bmp,zyh_R0
rawdata/data/butieping/zyh_R0/Rgd1237/zyh_R0_pair73.bmp,zyh_R0
rawdata/data/butieping/zyh_R0/Rgd1237/zyh_R0_pair74.bmp,zyh_R0
rawdata/data/butieping/zyh_R0/Rgd1237/zyh_R0_pair75.bmp,zyh_R0
rawdata/data/butieping/zyh_R0/Rgd1237/zyh_R0_pair76.bmp,zyh_R0
rawdata/data/butieping/zyh_R0/Rgd1237/zyh_R0_pair77.bmp,zyh_R0
rawdata/data/butieping/zyh_R0/Rgd1237/zyh_R0_pair78.bmp,zyh_R0
rawdata/data/butieping/zyh_R0/Rgd1237/zyh_R0_pair79.bmp,zyh_R0
rawdata/data/butieping/zyh_R0/Rgd1237/zyh_R0_pair8.bmp,zyh_R0
rawdata/data/butieping/zyh_R0/Rgd1237/zyh_R0_pair80.bmp,zyh_R0
rawdata/data/butieping/zyh_R0/Rgd1237/zyh_R0_pair81.bmp,zyh_R0
rawdata/data/butieping/zyh_R0/Rgd1237/zyh_R0_pair82.bmp,zyh_R0
rawdata/data/butieping/zyh_R0/Rgd1237/zyh_R0_pair83.bmp,zyh_R0
rawdata/data/butieping/zyh_R0/Rgd1237/zyh_R0_pair84.bmp,zyh_R0
rawdata/data/butieping/zyh_R0/Rgd1237/zyh_R0_pair85.bmp,zyh_R0
rawdata/data/butieping/zyh_R0/Rgd1237/zyh_R0_pair86.bmp,zyh_R0
rawdata/data/butieping/zyh_R0/Rgd1237/zyh_R0_pair87.bmp,zyh_R0
rawdata/data/butieping/zyh_R0/Rgd1237/zyh_R0_pair88.bmp,zyh_R0
rawdata/data/butieping/zyh_R0/Rgd1237/zyh_R0_pair89.bmp,zyh_R0
rawdata/data/butieping/zyh_R0/Rgd1237/zyh_R0_pair9.bmp,zyh_R0
rawdata/data/butieping/zyh_R0/Rgd1237/zyh_R0_pair90.bmp,zyh_R0
rawdata/data/butieping/zyh_R0/Rgd1237/zyh_R0_pair91.bmp,zyh_R0
rawdata/data/butieping/zyh_R0/Rgd1237/zyh_R0_pair92.bmp,zyh_R0
rawdata/data/butieping/zyh_R0/Rgd1237/zyh_R0_pair93.bmp,zyh_R0
rawdata/data/butieping/zyh_R0/Rgd1237/zyh_R0_pair94.bmp,zyh_R0
rawdata/data/butieping/zyh_R0/Rgd1237/zyh_R0_pair95.bmp,zyh_R0
rawdata/data/butieping/zyh_R0/Rgd1237/zyh_R0_pair96.bmp,zyh_R0
rawdata/data/butieping/zyh_R0/Rgd1237/zyh_R0_pair97.bmp,zyh_R0
rawdata/data/butieping/zyh_R0/Rgd1237/zyh_R0_pair98.bmp,zyh_R0
rawdata/data/butieping/zyh_R0/Rgd1237/zyh_R0_pair99.bmp,zyh_R0
rawdata/data/butieping/zyh_R2/Rgd1237/zyh_R2_pair0.bmp,zyh_R2
rawdata/data/butieping/zyh_R2/Rgd1237/zyh_R2_pair1.bmp,zyh_R2
rawdata/data/butieping/zyh_R2/Rgd1237/zyh_R2_pair10.bmp,zyh_R2
rawdata/data/butieping/zyh_R2/Rgd1237/zyh_R2_pair11.bmp,zyh_R2
rawdata/data/butieping/zyh_R2/Rgd1237/zyh_R2_pair12.bmp,zyh_R2
rawdata/data/butieping/zyh_R2/Rgd1237/zyh_R2_pair13.bmp,zyh_R2
rawdata/data/butieping/zyh_R2/Rgd1237/zyh_R2_pair14.bmp,zyh_R2
rawdata/data/butieping/zyh_R2/Rgd1237/zyh_R2_pair15.bmp,zyh_R2
rawdata/data/butieping/zyh_R2/Rgd1237/zyh_R2_pair16.bmp,zyh_R2
rawdata/data/butieping/zyh_R2/Rgd1237/zyh_R2_pair17.bmp,zyh_R2
rawdata/data/butieping/zyh_R2/Rgd1237/zyh_R2_pair18.bmp,zyh_R2
rawdata/data/butieping/zyh_R2/Rgd1237/zyh_R2_pair19.bmp,zyh_R2
rawdata/data/butieping/zyh_R2/Rgd1237/zyh_R2_pair2.bmp,zyh_R2
rawdata/data/butieping/zyh_R2/Rgd1237/zyh_R2_pair20.bmp,zyh_R2
rawdata/data/butieping/zyh_R2/Rgd1237/zyh_R2_pair21.bmp,zyh_R2
rawdata/data/butieping/zyh_R2/Rgd1237/zyh_R2_pair22.bmp,zyh_R2
rawdata/data/butieping/zyh_R2/Rgd1237/zyh_R2_pair23.bmp,zyh_R2
rawdata/data/butieping/zyh_R2/Rgd1237/zyh_R2_pair24.bmp,zyh_R2
rawdata/data/butieping/zyh_R2/Rgd1237/zyh_R2_pair25.bmp,zyh_R2
rawdata/data/butieping/zyh_R2/Rgd1237/zyh_R2_pair26.bmp,zyh_R2
rawdata/data/butieping/zyh_R2/Rgd1237/zyh_R2_pair27.bmp,zyh_R2
rawdata/data/butieping/zyh_R2/Rgd1237/zyh_R2_pair28.bmp,zyh_R2
rawdata/data/butieping/zyh_R2/Rgd1237/zyh_R2_pair29.bmp,zyh_R2
rawdata/data/butieping/zyh_R2/Rgd1237/zyh_R2_pair3.bmp,zyh_R2
rawdata/data/butieping/zyh_R2/Rgd1237/zyh_R2_pair30.bmp,zyh_R2
rawdata/data/butieping/zyh_R2/Rgd1237/zyh_R2_pair31.bmp,zyh_R2
rawdata/data/butieping/zyh_R2/Rgd1237/zyh_R2_pair32.bmp,zyh_R2
rawdata/data/butieping/zyh_R2/Rgd1237/zyh_R2_pair33.bmp,zyh_R2
rawdata/data/butieping/zyh_R2/Rgd1237/zyh_R2_pair34.bmp,zyh_R2
rawdata/data/butieping/zyh_R2/Rgd1237/zyh_R2_pair35.bmp,zyh_R2
rawdata/data/butieping/zyh_R2/Rgd1237/zyh_R2_pair36.bmp,zyh_R2
rawdata/data/butieping/zyh_R2/Rgd1237/zyh_R2_pair37.bmp,zyh_R2
rawdata/data/butieping/zyh_R2/Rgd1237/zyh_R2_pair38.bmp,zyh_R2
rawdata/data/butieping/zyh_R2/Rgd1237/zyh_R2_pair39.bmp,zyh_R2
rawdata/data/butieping/zyh_R2/Rgd1237/zyh_R2_pair4.bmp,zyh_R2
rawdata/data/butieping/zyh_R2/Rgd1237/zyh_R2_pair40.bmp,zyh_R2
rawdata/data/butieping/zyh_R2/Rgd1237/zyh_R2_pair41.bmp,zyh_R2
rawdata/data/butieping/zyh_R2/Rgd1237/zyh_R2_pair42.bmp,zyh_R2
rawdata/data/butieping/zyh_R2/Rgd1237/zyh_R2_pair43.bmp,zyh_R2
rawdata/data/butieping/zyh_R2/Rgd1237/zyh_R2_pair44.bmp,zyh_R2
rawdata/data/butieping/zyh_R2/Rgd1237/zyh_R2_pair45.bmp,zyh_R2
rawdata/data/butieping/zyh_R2/Rgd1237/zyh_R2_pair46.bmp,zyh_R2
rawdata/data/butieping/zyh_R2/Rgd1237/zyh_R2_pair47.bmp,zyh_R2
rawdata/data/butieping/zyh_R2/Rgd1237/zyh_R2_pair48.bmp,zyh_R2
rawdata/data/butieping/zyh_R2/Rgd1237/zyh_R2_pair49.bmp,zyh_R2
rawdata/data/butieping/zyh_R2/Rgd1237/zyh_R2_pair5.bmp,zyh_R2
rawdata/data/butieping/zyh_R2/Rgd1237/zyh_R2_pair50.bmp,zyh_R2
rawdata/data/butieping/zyh_R2/Rgd1237/zyh_R2_pair51.bmp,zyh_R2
rawdata/data/butieping/zyh_R2/Rgd1237/zyh_R2_pair52.bmp,zyh_R2
rawdata/data/butieping/zyh_R2/Rgd1237/zyh_R2_pair53.bmp,zyh_R2
rawdata/data/butieping/zyh_R2/Rgd1237/zyh_R2_pair54.bmp,zyh_R2
rawdata/data/butieping/zyh_R2/Rgd1237/zyh_R2_pair55.bmp,zyh_R2
rawdata/data/butieping/zyh_R2/Rgd1237/zyh_R2_pair56.bmp,zyh_R2
rawdata/data/butieping/zyh_R2/Rgd1237/zyh_R2_pair57.bmp,zyh_R2
rawdata/data/butieping/zyh_R2/Rgd1237/zyh_R2_pair58.bmp,zyh_R2
rawdata/data/butieping/zyh_R2/Rgd1237/zyh_R2_pair59.bmp,zyh_R2
rawdata/data/butieping/zyh_R2/Rgd1237/zyh_R2_pair6.bmp,zyh_R2
rawdata/data/butieping/zyh_R2/Rgd1237/zyh_R2_pair60.bmp,zyh_R2
rawdata/data/butieping/zyh_R2/Rgd1237/zyh_R2_pair61.bmp,zyh_R2
rawdata/data/butieping/zyh_R2/Rgd1237/zyh_R2_pair62.bmp,zyh_R2
rawdata/data/butieping/zyh_R2/Rgd1237/zyh_R2_pair63.bmp,zyh_R2
rawdata/data/butieping/zyh_R2/Rgd1237/zyh_R2_pair64.bmp,zyh_R2
rawdata/data/butieping/zyh_R2/Rgd1237/zyh_R2_pair65.bmp,zyh_R2
rawdata/data/butieping/zyh_R2/Rgd1237/zyh_R2_pair66.bmp,zyh_R2
rawdata/data/butieping/zyh_R2/Rgd1237/zyh_R2_pair67.bmp,zyh_R2
rawdata/data/butieping/zyh_R2/Rgd1237/zyh_R2_pair68.bmp,zyh_R2
rawdata/data/butieping/zyh_R2/Rgd1237/zyh_R2_pair69.bmp,zyh_R2
rawdata/data/butieping/zyh_R2/Rgd1237/zyh_R2_pair7.bmp,zyh_R2
rawdata/data/butieping/zyh_R2/Rgd1237/zyh_R2_pair70.bmp,zyh_R2
rawdata/data/butieping/zyh_R2/Rgd1237/zyh_R2_pair71.bmp,zyh_R2
rawdata/data/butieping/zyh_R2/Rgd1237/zyh_R2_pair72.bmp,zyh_R2
rawdata/data/butieping/zyh_R2/Rgd1237/zyh_R2_pair73.bmp,zyh_R2
rawdata/data/butieping/zyh_R2/Rgd1237/zyh_R2_pair74.bmp,zyh_R2
rawdata/data/butieping/zyh_R2/Rgd1237/zyh_R2_pair75.bmp,zyh_R2
rawdata/data/butieping/zyh_R2/Rgd1237/zyh_R2_pair76.bmp,zyh_R2
rawdata/data/butieping/zyh_R2/Rgd1237/zyh_R2_pair77.bmp,zyh_R2
rawdata/data/butieping/zyh_R2/Rgd1237/zyh_R2_pair78.bmp,zyh_R2
rawdata/data/butieping/zyh_R2/Rgd1237/zyh_R2_pair79.bmp,zyh_R2
rawdata/data/butieping/zyh_R2/Rgd1237/zyh_R2_pair8.bmp,zyh_R2
rawdata/data/butieping/zyh_R2/Rgd1237/zyh_R2_pair80.bmp,zyh_R2
rawdata/data/butieping/zyh_R2/Rgd1237/zyh_R2_pair81.bmp,zyh_R2
rawdata/data/butieping/zyh_R2/Rgd1237/zyh_R2_pair82.bmp,zyh_R2
rawdata/data/butieping/zyh_R2/Rgd1237/zyh_R2_pair83.bmp,zyh_R2
rawdata/data/butieping/zyh_R2/Rgd1237/zyh_R2_pair84.bmp,zyh_R2
rawdata/data/butieping/zyh_R2/Rgd1237/zyh_R2_pair85.bmp,zyh_R2
rawdata/data/butieping/zyh_R2/Rgd1237/zyh_R2_pair86.bmp,zyh_R2
rawdata/data/butieping/zyh_R2/Rgd1237/zyh_R2_pair87.bmp,zyh_R2
rawdata/data/butieping/zyh_R2/Rgd1237/zyh_R2_pair88.bmp,zyh_R2
rawdata/data/butieping/zyh_R2/Rgd1237/zyh_R2_pair89.bmp,zyh_R2
rawdata/data/butieping/zyh_R2/Rgd1237/zyh_R2_pair9.bmp,zyh_R2
rawdata/data/butieping/zyh_R2/Rgd1237/zyh_R2_pair90.bmp,zyh_R2
rawdata/data/butieping/zyh_R2/Rgd1237/zyh_R2_pair91.bmp,zyh_R2
rawdata/data/butieping/zyh_R2/Rgd1237/zyh_R2_pair92.bmp,zyh_R2
rawdata/data/butieping/zyh_R2/Rgd1237/zyh_R2_pair93.bmp,zyh_R2
rawdata/data/butieping/zyh_R2/Rgd1237/zyh_R2_pair94.bmp,zyh_R2
rawdata/data/butieping/zyh_R2/Rgd1237/zyh_R2_pair95.bmp,zyh_R2
rawdata/data/butieping/zyh_R2/Rgd1237/zyh_R2_pair96.bmp,zyh_R2
rawdata/data/butieping/zyh_R2/Rgd1237/zyh_R2_pair97.bmp,zyh_R2
rawdata/data/butieping/zyh_R2/Rgd1237/zyh_R2_pair98.bmp,zyh_R2
rawdata/data/butieping/zyh_R2/Rgd1237/zyh_R2_pair99.bmp,zyh_R2
